Date,Description,Amount,Extended Details,Appears On Your Statement As,Address,Country,Category
01/02/2026,STARBUCKS 800-782-7282 WA,12.34,STARBUCKS 800-782-7282 WA,STARBUCKS 800-782-7282 WA,"AUSTIN, TX",US,Restaurant-Restaurant
01/11/2026,SPOTIFY P0A1B2C3,11.99,SPOTIFY P0A1B2C3,SPOTIFY P0A1B2C3,"AUSTIN, TX",US,Business Services-Internet Services
01/12/2026,SQ *JOE'S DINER AUSTIN TX,11.6,SQ *JOE'S DINER AUSTIN TX,SQ *JOE'S DINER AUSTIN TX,"AUSTIN, TX",US,Restaurant-Restaurant
01/19/2026,ONLINE PAYMENT - THANK YOU,-779.75,ONLINE PAYMENT - THANK YOU,ONLINE PAYMENT - THANK YOU,,,Fees & Adjustments-Payments and Credits
01/24/2026,SQ *STARBUCKS,9.23,SQ *STARBUCKS,SQ *STARBUCKS,"AUSTIN, TX",US,Restaurant-Restaurant
01/24/2026,SQ *JOE'S DINER AUSTIN TX,11.15,SQ *JOE'S DINER AUSTIN TX,SQ *JOE'S DINER AUSTIN TX,"AUSTIN, TX",US,Restaurant-Restaurant
01/25/2026,STARBUCKS STORE #05028,11.74,STARBUCKS STORE #05028,STARBUCKS STORE #05028,"AUSTIN, TX",US,Restaurant-Restaurant
02/01/2026,SQ *STARBUCKS,10.03,SQ *STARBUCKS,SQ *STARBUCKS,"AUSTIN, TX",US,Restaurant-Restaurant
02/02/2025,STARBUCKS 800-782-7282 WA,6.31,STARBUCKS 800-782-7282 WA,STARBUCKS 800-782-7282 WA,"AUSTIN, TX",US,Restaurant-Restaurant
02/04/2025,WHOLE FOODS MKT #10120,100.43,WHOLE FOODS MKT #10120,WHOLE FOODS MKT #10120,"AUSTIN, TX",US,Merchandise & Supplies-Wholesale Stores
02/06/2025,SQ *STARBUCKS,8.4,SQ *STARBUCKS,SQ *STARBUCKS,"AUSTIN, TX",US,Restaurant-Restaurant
02/09/2025,UBER  EATS 8005928996,30.75,UBER  EATS 8005928996,UBER  EATS 8005928996,"AUSTIN, TX",US,Restaurant-Restaurant
02/09/2025,COSTCO WHSE #1147,68.86,COSTCO WHSE #1147,COSTCO WHSE #1147,"AUSTIN, TX",US,Merchandise & Supplies-Wholesale Stores
02/11/2025,SPOTIFY P0A1B2C3,11.99,SPOTIFY P0A1B2C3,SPOTIFY P0A1B2C3,"AUSTIN, TX",US,Business Services-Internet Services
02/11/2026,SPOTIFY P0A1B2C3,11.99,SPOTIFY P0A1B2C3,SPOTIFY P0A1B2C3,"AUSTIN, TX",US,Business Services-Internet Services
02/14/2025,WHOLE FOODS MKT #10120,121.04,WHOLE FOODS MKT #10120,WHOLE FOODS MKT #10120,"AUSTIN, TX",US,Merchandise & Supplies-Wholesale Stores
02/15/2026,UBER *EATS HELP.UBER.COM,38.47,UBER *EATS HELP.UBER.COM,UBER *EATS HELP.UBER.COM,"AUSTIN, TX",US,Restaurant-Restaurant
02/15/2026,MOZART'S COFFEE ROASTER,29.03,MOZART'S COFFEE ROASTER,MOZART'S COFFEE ROASTER,"AUSTIN, TX",US,Restaurant-Restaurant
02/19/2025,DD *WINGSTOP,30.41,DD *WINGSTOP,DD *WINGSTOP,"DENVER, CO",US,Restaurant-Restaurant
02/19/2026,ONLINE PAYMENT - THANK YOU,-415.42,ONLINE PAYMENT - THANK YOU,ONLINE PAYMENT - THANK YOU,,,Fees & Adjustments-Payments and Credits
02/21/2025,DOORDASH*CHIPOTLE,20.62,DOORDASH*CHIPOTLE,DOORDASH*CHIPOTLE,"AUSTIN, TX",US,Restaurant-Restaurant
02/22/2026,COSTCO WHSE #1147,139.89,COSTCO WHSE #1147,COSTCO WHSE #1147,"AUSTIN, TX",US,Merchandise & Supplies-Wholesale Stores
02/22/2026,DOORDASH*PANDA EXPRESS,19.52,DOORDASH*PANDA EXPRESS,DOORDASH*PANDA EXPRESS,"AUSTIN, TX",US,Restaurant-Restaurant
02/22/2026,DD *WINGSTOP,25.35,DD *WINGSTOP,DD *WINGSTOP,"AUSTIN, TX",US,Restaurant-Restaurant
02/23/2025,DD *WINGSTOP,29.15,DD *WINGSTOP,DD *WINGSTOP,"AUSTIN, TX",US,Restaurant-Restaurant
02/24/2025,AMAZON.COM*2ASXBE7L,121.38,AMAZON.COM*2ASXBE7L,AMAZON.COM*2ASXBE7L,"AUSTIN, TX",US,Merchandise & Supplies-Internet Purchase
02/26/2026,UBER  EATS 8005928996,22.73,UBER  EATS 8005928996,UBER  EATS 8005928996,"AUSTIN, TX",US,Restaurant-Restaurant
02/28/2025,STARBUCKS STORE #05028,4.7,STARBUCKS STORE #05028,STARBUCKS STORE #05028,"AUSTIN, TX",US,Restaurant-Restaurant
03/01/2025,STARBUCKS 800-782-7282 WA,11.63,STARBUCKS 800-782-7282 WA,STARBUCKS 800-782-7282 WA,"AUSTIN, TX",US,Restaurant-Restaurant
03/01/2025,DOORDASH*PANDA EXPRESS,50.23,DOORDASH*PANDA EXPRESS,DOORDASH*PANDA EXPRESS,"AUSTIN, TX",US,Restaurant-Restaurant
03/01/2025,UBER *TRIP HELP.UBER.COM,7.9,UBER *TRIP HELP.UBER.COM,UBER *TRIP HELP.UBER.COM,"AUSTIN, TX",US,Transportation-Taxis & Coach
03/01/2026,STARBUCKS 800-782-7282 WA,9.7,STARBUCKS 800-782-7282 WA,STARBUCKS 800-782-7282 WA,"AUSTIN, TX",US,Restaurant-Restaurant
03/01/2026,AMAZON.COM*2AZWJPQW,72.86,AMAZON.COM*2AZWJPQW,AMAZON.COM*2AZWJPQW,"AUSTIN, TX",US,Merchandise & Supplies-Internet Purchase
03/02/2026,UBER *TRIP HELP.UBER.COM,38.31,UBER *TRIP HELP.UBER.COM,UBER *TRIP HELP.UBER.COM,"AUSTIN, TX",US,Transportation-Taxis & Coach
03/02/2026,CVS PHARM #04471 AUSTIN TX,38.68,CVS PHARM #04471 AUSTIN TX,CVS PHARM #04471 AUSTIN TX,"AUSTIN, TX",US,Merchandise & Supplies-Internet Purchase
03/04/2025,SAFEWAY.COM ORDER,131.65,SAFEWAY.COM ORDER,SAFEWAY.COM ORDER,"DENVER, CO",US,Merchandise & Supplies-Wholesale Stores
03/04/2026,STARBUCKS STORE #05028,8.53,STARBUCKS STORE #05028,STARBUCKS STORE #05028,"AUSTIN, TX",US,Restaurant-Restaurant
03/04/2026,AMAZON.COM*2A36DJHZ,157.41,AMAZON.COM*2A36DJHZ,AMAZON.COM*2A36DJHZ,"AUSTIN, TX",US,Merchandise & Supplies-Internet Purchase
03/06/2025,COSTCO WHSE #1147,96.96,COSTCO WHSE #1147,COSTCO WHSE #1147,"AUSTIN, TX",US,Merchandise & Supplies-Wholesale Stores
03/07/2025,UBER  EATS 8005928996,24.36,UBER  EATS 8005928996,UBER  EATS 8005928996,"AUSTIN, TX",US,Restaurant-Restaurant
03/09/2025,AMZN Mktp US*2KYZH3VJ,59.52,AMZN Mktp US*2KYZH3VJ,AMZN Mktp US*2KYZH3VJ,"AUSTIN, TX",US,Merchandise & Supplies-Internet Purchase
03/10/2026,WHOLEFDS AUS 10120,122.27,WHOLEFDS AUS 10120,WHOLEFDS AUS 10120,"AUSTIN, TX",US,Merchandise & Supplies-Wholesale Stores
03/10/2026,AMAZON.COM*2ATZSX3S,73.01,AMAZON.COM*2ATZSX3S,AMAZON.COM*2ATZSX3S,"AUSTIN, TX",US,Merchandise & Supplies-Internet Purchase
03/11/2025,SPOTIFY P0A1B2C3,11.99,SPOTIFY P0A1B2C3,SPOTIFY P0A1B2C3,"AUSTIN, TX",US,Business Services-Internet Services
03/11/2026,SPOTIFY P0A1B2C3,11.99,SPOTIFY P0A1B2C3,SPOTIFY P0A1B2C3,"AUSTIN, TX",US,Business Services-Internet Services
03/12/2026,STARBUCKS STORE #05028,12.42,STARBUCKS STORE #05028,STARBUCKS STORE #05028,"AUSTIN, TX",US,Restaurant-Restaurant
03/13/2026,WHOLEFDS AUS 10120,69.53,WHOLEFDS AUS 10120,WHOLEFDS AUS 10120,"AUSTIN, TX",US,Merchandise & Supplies-Wholesale Stores
03/16/2025,AMAZON.COM*2AFS7HJS,58.78,AMAZON.COM*2AFS7HJS,AMAZON.COM*2AFS7HJS,"AUSTIN, TX",US,Merchandise & Supplies-Internet Purchase
03/17/2025,UBER  EATS 8005928996,18.14,UBER  EATS 8005928996,UBER  EATS 8005928996,"AUSTIN, TX",US,Restaurant-Restaurant
03/17/2025,AMZN Mktp US*2KHOWKLN,132.57,AMZN Mktp US*2KHOWKLN,AMZN Mktp US*2KHOWKLN,"AUSTIN, TX",US,Merchandise & Supplies-Internet Purchase
03/19/2026,ONLINE PAYMENT - THANK YOU,-342.33,ONLINE PAYMENT - THANK YOU,ONLINE PAYMENT - THANK YOU,,,Fees & Adjustments-Payments and Credits
03/20/2026,COSTCO.COM 800-955-2292,143.43,COSTCO.COM 800-955-2292,COSTCO.COM 800-955-2292,"AUSTIN, TX",US,Merchandise & Supplies-Internet Purchase
03/21/2026,WHOLE FOODS MKT #10120,97.96,WHOLE FOODS MKT #10120,WHOLE FOODS MKT #10120,"AUSTIN, TX",US,Merchandise & Supplies-Wholesale Stores
03/22/2026,SHELL SERVICE STATION AUSTIN TX,34.78,SHELL SERVICE STATION AUSTIN TX,SHELL SERVICE STATION AUSTIN TX,"AUSTIN, TX",US,Travel-Fuel
03/23/2025,COSTCO WHSE #1147,169.99,COSTCO WHSE #1147,COSTCO WHSE #1147,"AUSTIN, TX",US,Merchandise & Supplies-Wholesale Stores
03/23/2026,SQ *JOE'S DINER AUSTIN TX,12.66,SQ *JOE'S DINER AUSTIN TX,SQ *JOE'S DINER AUSTIN TX,"AUSTIN, TX",US,Restaurant-Restaurant
03/25/2025,DD *WINGSTOP,50.78,DD *WINGSTOP,DD *WINGSTOP,"AUSTIN, TX",US,Restaurant-Restaurant
03/25/2026,SHELL OIL 57443982,39.39,SHELL OIL 57443982,SHELL OIL 57443982,"AUSTIN, TX",US,Travel-Fuel
03/26/2025,SQ *JOE'S DINER AUSTIN TX,25.99,SQ *JOE'S DINER AUSTIN TX,SQ *JOE'S DINER AUSTIN TX,"AUSTIN, TX",US,Restaurant-Restaurant
03/28/2026,UBER TRIP 8005928996,27.31,UBER TRIP 8005928996,UBER TRIP 8005928996,"AUSTIN, TX",US,Transportation-Taxis & Coach
03/28/2026,CVS/PHARMACY #4471,15.43,CVS/PHARMACY #4471,CVS/PHARMACY #4471,"AUSTIN, TX",US,Merchandise & Supplies-Internet Purchase
03/28/2026,SQ *STARBUCKS,9.44,SQ *STARBUCKS,SQ *STARBUCKS,"AUSTIN, TX",US,Restaurant-Restaurant
03/29/2025,SHELL OIL 57443982,34.07,SHELL OIL 57443982,SHELL OIL 57443982,"AUSTIN, TX",US,Travel-Fuel
03/29/2026,UBER *TRIP HELP.UBER.COM,41.8,UBER *TRIP HELP.UBER.COM,UBER *TRIP HELP.UBER.COM,"AUSTIN, TX",US,Transportation-Taxis & Coach
03/29/2026,COSTCO WHOLESALE #1147 AUSTIN TX,220.09,COSTCO WHOLESALE #1147 AUSTIN TX,COSTCO WHOLESALE #1147 AUSTIN TX,"AUSTIN, TX",US,Merchandise & Supplies-Wholesale Stores
03/30/2026,UBER  EATS 8005928996,30.64,UBER  EATS 8005928996,UBER  EATS 8005928996,"AUSTIN, TX",US,Restaurant-Restaurant
04/03/2026,WHOLEFDS AUS 10120,39.0,WHOLEFDS AUS 10120,WHOLEFDS AUS 10120,"AUSTIN, TX",US,Merchandise & Supplies-Wholesale Stores
04/05/2025,UBER  EATS 8005928996,40.57,UBER  EATS 8005928996,UBER  EATS 8005928996,"AUSTIN, TX",US,Restaurant-Restaurant
04/07/2026,STARBUCKS STORE #05028,10.93,STARBUCKS STORE #05028,STARBUCKS STORE #05028,"AUSTIN, TX",US,Restaurant-Restaurant
04/08/2025,SQ *STARBUCKS,6.43,SQ *STARBUCKS,SQ *STARBUCKS,"AUSTIN, TX",US,Restaurant-Restaurant
04/09/2025,AMAZON.COM*2AUM1PG0,16.53,AMAZON.COM*2AUM1PG0,AMAZON.COM*2AUM1PG0,"AUSTIN, TX",US,Merchandise & Supplies-Internet Purchase
04/09/2025,STARBUCKS 800-782-7282 WA,6.34,STARBUCKS 800-782-7282 WA,STARBUCKS 800-782-7282 WA,"AUSTIN, TX",US,Restaurant-Restaurant
04/10/2025,STARBUCKS 800-782-7282 WA,12.22,STARBUCKS 800-782-7282 WA,STARBUCKS 800-782-7282 WA,"AUSTIN, TX",US,Restaurant-Restaurant
04/11/2025,SPOTIFY P0A1B2C3,11.99,SPOTIFY P0A1B2C3,SPOTIFY P0A1B2C3,"AUSTIN, TX",US,Business Services-Internet Services
04/11/2026,SPOTIFY USA,11.99,SPOTIFY USA,SPOTIFY USA,"AUSTIN, TX",US,Business Services-Internet Services
04/11/2026,DOORDASH*PANDA EXPRESS,22.95,DOORDASH*PANDA EXPRESS,DOORDASH*PANDA EXPRESS,"AUSTIN, TX",US,Restaurant-Restaurant
04/12/2026,STARBUCKS STORE #05028,7.16,STARBUCKS STORE #05028,STARBUCKS STORE #05028,"AUSTIN, TX",US,Restaurant-Restaurant
04/13/2026,STARBUCKS 800-782-7282 WA,11.1,STARBUCKS 800-782-7282 WA,STARBUCKS 800-782-7282 WA,"AUSTIN, TX",US,Restaurant-Restaurant
04/15/2025,DOORDASH*PANDA EXPRESS,16.06,DOORDASH*PANDA EXPRESS,DOORDASH*PANDA EXPRESS,"AUSTIN, TX",US,Restaurant-Restaurant
04/16/2026,DD *WINGSTOP,43.36,DD *WINGSTOP,DD *WINGSTOP,"AUSTIN, TX",US,Restaurant-Restaurant
04/16/2026,SQ *STARBUCKS,8.11,SQ *STARBUCKS,SQ *STARBUCKS,"AUSTIN, TX",US,Restaurant-Restaurant
04/18/2025,UBER *TRIP HELP.UBER.COM,14.76,UBER *TRIP HELP.UBER.COM,UBER *TRIP HELP.UBER.COM,"AUSTIN, TX",US,Transportation-Taxis & Coach
04/19/2025,ONLINE PAYMENT - THANK YOU,-1327.76,ONLINE PAYMENT - THANK YOU,ONLINE PAYMENT - THANK YOU,,,Fees & Adjustments-Payments and Credits
04/19/2026,ONLINE PAYMENT - THANK YOU,-1200.55,ONLINE PAYMENT - THANK YOU,ONLINE PAYMENT - THANK YOU,,,Fees & Adjustments-Payments and Credits
04/20/2025,SQ *STARBUCKS,9.33,SQ *STARBUCKS,SQ *STARBUCKS,"AUSTIN, TX",US,Restaurant-Restaurant
04/22/2025,DD *WINGSTOP,31.04,DD *WINGSTOP,DD *WINGSTOP,"AUSTIN, TX",US,Restaurant-Restaurant
04/22/2026,DOORDASH*PANDA EXPRESS,20.51,DOORDASH*PANDA EXPRESS,DOORDASH*PANDA EXPRESS,"AUSTIN, TX",US,Restaurant-Restaurant
04/23/2026,AMAZON.COM*2AM4JNJP,38.0,AMAZON.COM*2AM4JNJP,AMAZON.COM*2AM4JNJP,"AUSTIN, TX",US,Merchandise & Supplies-Internet Purchase
04/23/2026,UBER *TRIP HELP.UBER.COM,35.19,UBER *TRIP HELP.UBER.COM,UBER *TRIP HELP.UBER.COM,"AUSTIN, TX",US,Transportation-Taxis & Coach
04/24/2026,DD *WINGSTOP,28.89,DD *WINGSTOP,DD *WINGSTOP,"AUSTIN, TX",US,Restaurant-Restaurant
04/25/2026,STARBUCKS 800-782-7282 WA,6.74,STARBUCKS 800-782-7282 WA,STARBUCKS 800-782-7282 WA,"AUSTIN, TX",US,Restaurant-Restaurant
04/26/2026,SQ *JOE'S DINER AUSTIN TX,24.09,SQ *JOE'S DINER AUSTIN TX,SQ *JOE'S DINER AUSTIN TX,"AUSTIN, TX",US,Restaurant-Restaurant
04/28/2026,MOZART'S COFFEE ROASTER,25.33,MOZART'S COFFEE ROASTER,MOZART'S COFFEE ROASTER,"AUSTIN, TX",US,Restaurant-Restaurant
04/28/2026,AMZN Mktp US*2KXN74C3,150.31,AMZN Mktp US*2KXN74C3,AMZN Mktp US*2KXN74C3,"AUSTIN, TX",US,Merchandise & Supplies-Internet Purchase
04/30/2026,SQ *STARBUCKS,9.47,SQ *STARBUCKS,SQ *STARBUCKS,"AUSTIN, TX",US,Restaurant-Restaurant
05/01/2025,SHELL SERVICE STATION AUSTIN TX,54.66,SHELL SERVICE STATION AUSTIN TX,SHELL SERVICE STATION AUSTIN TX,"AUSTIN, TX",US,Travel-Fuel
05/04/2026,STARBUCKS STORE #05028,9.67,STARBUCKS STORE #05028,STARBUCKS STORE #05028,"AUSTIN, TX",US,Restaurant-Restaurant
05/07/2025,UBER *TRIP HELP.UBER.COM,24.09,UBER *TRIP HELP.UBER.COM,UBER *TRIP HELP.UBER.COM,"AUSTIN, TX",US,Transportation-Taxis & Coach
05/08/2025,STARBUCKS 800-782-7282 WA,9.64,STARBUCKS 800-782-7282 WA,STARBUCKS 800-782-7282 WA,"AUSTIN, TX",US,Restaurant-Restaurant
05/09/2026,AMAZON.COM*2AJDFI1M,32.82,AMAZON.COM*2AJDFI1M,AMAZON.COM*2AJDFI1M,"AUSTIN, TX",US,Merchandise & Supplies-Internet Purchase
05/09/2026,SHELL SERVICE STATION AUSTIN TX,51.33,SHELL SERVICE STATION AUSTIN TX,SHELL SERVICE STATION AUSTIN TX,"AUSTIN, TX",US,Travel-Fuel
05/09/2026,COSTCO WHSE #1147,222.04,COSTCO WHSE #1147,COSTCO WHSE #1147,"AUSTIN, TX",US,Merchandise & Supplies-Wholesale Stores
05/10/2026,COSTCO WHSE #1147,165.57,COSTCO WHSE #1147,COSTCO WHSE #1147,"AUSTIN, TX",US,Merchandise & Supplies-Wholesale Stores
05/10/2026,UBER *EATS HELP.UBER.COM,38.06,UBER *EATS HELP.UBER.COM,UBER *EATS HELP.UBER.COM,"AUSTIN, TX",US,Restaurant-Restaurant
05/11/2025,COSTCO WHSE #1147,73.97,COSTCO WHSE #1147,COSTCO WHSE #1147,"AUSTIN, TX",US,Merchandise & Supplies-Wholesale Stores
05/11/2025,SPOTIFY P0A1B2C3,11.99,SPOTIFY P0A1B2C3,SPOTIFY P0A1B2C3,"AUSTIN, TX",US,Business Services-Internet Services
05/11/2026,SPOTIFY P0A1B2C3,11.99,SPOTIFY P0A1B2C3,SPOTIFY P0A1B2C3,"AUSTIN, TX",US,Business Services-Internet Services
05/13/2025,SQ *STARBUCKS,5.13,SQ *STARBUCKS,SQ *STARBUCKS,"AUSTIN, TX",US,Restaurant-Restaurant
05/14/2026,SHELL OIL 57443982,41.82,SHELL OIL 57443982,SHELL OIL 57443982,"AUSTIN, TX",US,Travel-Fuel
05/15/2025,COSTCO WHOLESALE #1147 AUSTIN TX,153.13,COSTCO WHOLESALE #1147 AUSTIN TX,COSTCO WHOLESALE #1147 AUSTIN TX,"AUSTIN, TX",US,Merchandise & Supplies-Wholesale Stores
05/17/2025,CVS/PHARMACY #4471,14.58,CVS/PHARMACY #4471,CVS/PHARMACY #4471,"AUSTIN, TX",US,Merchandise & Supplies-Internet Purchase
05/17/2025,SQ *JOE'S DINER AUSTIN TX,26.76,SQ *JOE'S DINER AUSTIN TX,SQ *JOE'S DINER AUSTIN TX,"AUSTIN, TX",US,Restaurant-Restaurant
05/18/2025,DOORDASH*PANDA EXPRESS,45.82,DOORDASH*PANDA EXPRESS,DOORDASH*PANDA EXPRESS,"AUSTIN, TX",US,Restaurant-Restaurant
05/19/2025,ONLINE PAYMENT - THANK YOU,-1049.83,ONLINE PAYMENT - THANK YOU,ONLINE PAYMENT - THANK YOU,,,Fees & Adjustments-Payments and Credits
05/19/2026,ONLINE PAYMENT - THANK YOU,-1564.83,ONLINE PAYMENT - THANK YOU,ONLINE PAYMENT - THANK YOU,,,Fees & Adjustments-Payments and Credits
05/22/2025,UBER *TRIP HELP.UBER.COM,11.72,UBER *TRIP HELP.UBER.COM,UBER *TRIP HELP.UBER.COM,"AUSTIN, TX",US,Transportation-Taxis & Coach
05/23/2025,WHOLEFDS AUS 10120,106.07,WHOLEFDS AUS 10120,WHOLEFDS AUS 10120,"AUSTIN, TX",US,Merchandise & Supplies-Wholesale Stores
05/24/2025,COSTCO WHOLESALE #1147 AUSTIN TX,80.81,COSTCO WHOLESALE #1147 AUSTIN TX,COSTCO WHOLESALE #1147 AUSTIN TX,"AUSTIN, TX",US,Merchandise & Supplies-Wholesale Stores
05/25/2025,WHOLEFDS AUS 10120,125.07,WHOLEFDS AUS 10120,WHOLEFDS AUS 10120,"AUSTIN, TX",US,Merchandise & Supplies-Wholesale Stores
05/25/2026,CVS/PHARMACY #4471,28.29,CVS/PHARMACY #4471,CVS/PHARMACY #4471,"AUSTIN, TX",US,Merchandise & Supplies-Internet Purchase
05/26/2026,UBER TRIP 8005928996,30.49,UBER TRIP 8005928996,UBER TRIP 8005928996,"AUSTIN, TX",US,Transportation-Taxis & Coach
05/28/2026,STARBUCKS STORE #05028,8.83,STARBUCKS STORE #05028,STARBUCKS STORE #05028,"AUSTIN, TX",US,Restaurant-Restaurant
05/30/2026,COSTCO WHOLESALE #1147 AUSTIN TX,134.14,COSTCO WHOLESALE #1147 AUSTIN TX,COSTCO WHOLESALE #1147 AUSTIN TX,"AUSTIN, TX",US,Merchandise & Supplies-Wholesale Stores
05/31/2026,UBER *TRIP HELP.UBER.COM,23.56,UBER *TRIP HELP.UBER.COM,UBER *TRIP HELP.UBER.COM,"AUSTIN, TX",US,Transportation-Taxis & Coach
06/01/2025,DD *WINGSTOP,30.47,DD *WINGSTOP,DD *WINGSTOP,"AUSTIN, TX",US,Restaurant-Restaurant
06/01/2026,STARBUCKS 800-782-7282 WA,4.73,STARBUCKS 800-782-7282 WA,STARBUCKS 800-782-7282 WA,"AUSTIN, TX",US,Restaurant-Restaurant
06/05/2026,AMAZON.COM*2A6ZIFV0,34.02,AMAZON.COM*2A6ZIFV0,AMAZON.COM*2A6ZIFV0,"AUSTIN, TX",US,Merchandise & Supplies-Internet Purchase
06/06/2026,SQ *STARBUCKS,8.11,SQ *STARBUCKS,SQ *STARBUCKS,"AUSTIN, TX",US,Restaurant-Restaurant
06/07/2025,UBER  EATS 8005928996,48.82,UBER  EATS 8005928996,UBER  EATS 8005928996,"AUSTIN, TX",US,Restaurant-Restaurant
06/07/2026,UBER TRIP 8005928996,36.42,UBER TRIP 8005928996,UBER TRIP 8005928996,"AUSTIN, TX",US,Transportation-Taxis & Coach
06/07/2026,DOORDASH*PANDA EXPRESS,33.91,DOORDASH*PANDA EXPRESS,DOORDASH*PANDA EXPRESS,"AUSTIN, TX",US,Restaurant-Restaurant
06/11/2025,SPOTIFY USA,11.99,SPOTIFY USA,SPOTIFY USA,"AUSTIN, TX",US,Business Services-Internet Services
06/11/2026,SPOTIFY P0A1B2C3,11.99,SPOTIFY P0A1B2C3,SPOTIFY P0A1B2C3,"AUSTIN, TX",US,Business Services-Internet Services
06/12/2025,UBER  EATS 8005928996,35.41,UBER  EATS 8005928996,UBER  EATS 8005928996,"AUSTIN, TX",US,Restaurant-Restaurant
06/12/2026,SHELL SERVICE STATION AUSTIN TX,39.4,SHELL SERVICE STATION AUSTIN TX,SHELL SERVICE STATION AUSTIN TX,"AUSTIN, TX",US,Travel-Fuel
06/13/2025,AMAZON.COM*2AVSRFAC,12.94,AMAZON.COM*2AVSRFAC,AMAZON.COM*2AVSRFAC,"AUSTIN, TX",US,Merchandise & Supplies-Internet Purchase
06/15/2026,STARBUCKS 800-782-7282 WA,4.87,STARBUCKS 800-782-7282 WA,STARBUCKS 800-782-7282 WA,"AUSTIN, TX",US,Restaurant-Restaurant
06/16/2025,UBER *EATS HELP.UBER.COM,22.56,UBER *EATS HELP.UBER.COM,UBER *EATS HELP.UBER.COM,"AUSTIN, TX",US,Restaurant-Restaurant
06/16/2026,DOORDASH*PANDA EXPRESS,28.97,DOORDASH*PANDA EXPRESS,DOORDASH*PANDA EXPRESS,"AUSTIN, TX",US,Restaurant-Restaurant
06/17/2026,COSTCO WHSE #1147,68.39,COSTCO WHSE #1147,COSTCO WHSE #1147,"AUSTIN, TX",US,Merchandise & Supplies-Wholesale Stores
06/19/2025,COSTCO WHSE #1147,215.44,COSTCO WHSE #1147,COSTCO WHSE #1147,"AUSTIN, TX",US,Merchandise & Supplies-Wholesale Stores
06/19/2025,ONLINE PAYMENT - THANK YOU,-783.64,ONLINE PAYMENT - THANK YOU,ONLINE PAYMENT - THANK YOU,,,Fees & Adjustments-Payments and Credits
06/19/2026,ONLINE PAYMENT - THANK YOU,-1066.43,ONLINE PAYMENT - THANK YOU,ONLINE PAYMENT - THANK YOU,,,Fees & Adjustments-Payments and Credits
06/21/2025,WHOLEFDS AUS 10120,25.43,WHOLEFDS AUS 10120,WHOLEFDS AUS 10120,"AUSTIN, TX",US,Merchandise & Supplies-Wholesale Stores
06/22/2025,AMZN Mktp US*2KFHVSX3,36.24,AMZN Mktp US*2KFHVSX3,AMZN Mktp US*2KFHVSX3,"AUSTIN, TX",US,Merchandise & Supplies-Internet Purchase
06/22/2026,WHOLEFDS AUS 10120,103.18,WHOLEFDS AUS 10120,WHOLEFDS AUS 10120,"AUSTIN, TX",US,Merchandise & Supplies-Wholesale Stores
06/23/2025,SQ *STARBUCKS,4.78,SQ *STARBUCKS,SQ *STARBUCKS,"AUSTIN, TX",US,Restaurant-Restaurant
06/24/2025,DOORDASH*PANDA EXPRESS,17.75,DOORDASH*PANDA EXPRESS,DOORDASH*PANDA EXPRESS,"AUSTIN, TX",US,Restaurant-Restaurant
06/26/2025,UBER TRIP 8005928996,32.04,UBER TRIP 8005928996,UBER TRIP 8005928996,"AUSTIN, TX",US,Transportation-Taxis & Coach
06/26/2026,UBER  EATS 8005928996,43.11,UBER  EATS 8005928996,UBER  EATS 8005928996,"AUSTIN, TX",US,Restaurant-Restaurant
06/28/2025,MARRIOTT DENVER CO,240.03,MARRIOTT DENVER CO,MARRIOTT DENVER CO,"AUSTIN, TX",US,Travel-Lodging
06/28/2026,STARBUCKS STORE #05028,8.46,STARBUCKS STORE #05028,STARBUCKS STORE #05028,"AUSTIN, TX",US,Restaurant-Restaurant
06/29/2025,SQ *STARBUCKS,4.91,SQ *STARBUCKS,SQ *STARBUCKS,"AUSTIN, TX",US,Restaurant-Restaurant
06/29/2025,WHOLE FOODS MKT #10120,110.44,WHOLE FOODS MKT #10120,WHOLE FOODS MKT #10120,"AUSTIN, TX",US,Merchandise & Supplies-Wholesale Stores
07/02/2025,AMAZON.COM*2AG9JXE6,153.33,AMAZON.COM*2AG9JXE6,AMAZON.COM*2AG9JXE6,"AUSTIN, TX",US,Merchandise & Supplies-Internet Purchase
07/04/2025,SHELL SERVICE STATION AUSTIN TX,48.77,SHELL SERVICE STATION AUSTIN TX,SHELL SERVICE STATION AUSTIN TX,"AUSTIN, TX",US,Travel-Fuel
07/04/2026,COSTCO WHOLESALE #1147 AUSTIN TX,189.93,COSTCO WHOLESALE #1147 AUSTIN TX,COSTCO WHOLESALE #1147 AUSTIN TX,"AUSTIN, TX",US,Merchandise & Supplies-Wholesale Stores
07/07/2025,SQ *STARBUCKS,9.5,SQ *STARBUCKS,SQ *STARBUCKS,"AUSTIN, TX",US,Restaurant-Restaurant
07/07/2026,COSTCO WHSE #1147,70.59,COSTCO WHSE #1147,COSTCO WHSE #1147,"AUSTIN, TX",US,Merchandise & Supplies-Wholesale Stores
07/08/2025,UBER TRIP 8005928996,31.0,UBER TRIP 8005928996,UBER TRIP 8005928996,"AUSTIN, TX",US,Transportation-Taxis & Coach
07/08/2026,UBER TRIP 8005928996,28.88,UBER TRIP 8005928996,UBER TRIP 8005928996,"AUSTIN, TX",US,Transportation-Taxis & Coach
07/09/2025,UBER TRIP 8005928996,17.35,UBER TRIP 8005928996,UBER TRIP 8005928996,"AUSTIN, TX",US,Transportation-Taxis & Coach
07/10/2025,COSTCO WHSE #1147,79.09,COSTCO WHSE #1147,COSTCO WHSE #1147,"DENVER, CO",US,Merchandise & Supplies-Wholesale Stores
07/11/2025,STARBUCKS 800-782-7282 WA,4.38,STARBUCKS 800-782-7282 WA,STARBUCKS 800-782-7282 WA,"AUSTIN, TX",US,Restaurant-Restaurant
07/11/2025,SPOTIFY P0A1B2C3,11.99,SPOTIFY P0A1B2C3,SPOTIFY P0A1B2C3,"AUSTIN, TX",US,Business Services-Internet Services
07/11/2026,SHELL SERVICE STATION AUSTIN TX,29.02,SHELL SERVICE STATION AUSTIN TX,SHELL SERVICE STATION AUSTIN TX,"AUSTIN, TX",US,Travel-Fuel
07/11/2026,SPOTIFY P0A1B2C3,11.99,SPOTIFY P0A1B2C3,SPOTIFY P0A1B2C3,"AUSTIN, TX",US,Business Services-Internet Services
07/13/2025,UBER *TRIP HELP.UBER.COM,36.46,UBER *TRIP HELP.UBER.COM,UBER *TRIP HELP.UBER.COM,"AUSTIN, TX",US,Transportation-Taxis & Coach
07/13/2026,AMAZON.COM*2ARS1HPP,95.43,AMAZON.COM*2ARS1HPP,AMAZON.COM*2ARS1HPP,"AUSTIN, TX",US,Merchandise & Supplies-Internet Purchase
07/15/2025,COSTCO WHSE #1147,220.88,COSTCO WHSE #1147,COSTCO WHSE #1147,"AUSTIN, TX",US,Merchandise & Supplies-Wholesale Stores
07/15/2025,SQ *JOE'S DINER AUSTIN TX,16.18,SQ *JOE'S DINER AUSTIN TX,SQ *JOE'S DINER AUSTIN TX,"AUSTIN, TX",US,Restaurant-Restaurant
07/19/2025,ONLINE PAYMENT - THANK YOU,-1205.27,ONLINE PAYMENT - THANK YOU,ONLINE PAYMENT - THANK YOU,,,Fees & Adjustments-Payments and Credits
07/19/2025,SQ *STARBUCKS,6.96,SQ *STARBUCKS,SQ *STARBUCKS,"AUSTIN, TX",US,Restaurant-Restaurant
07/20/2025,COSTCO WHSE #1147,127.61,COSTCO WHSE #1147,COSTCO WHSE #1147,"AUSTIN, TX",US,Merchandise & Supplies-Wholesale Stores
07/24/2025,DOORDASH*PANDA EXPRESS,49.18,DOORDASH*PANDA EXPRESS,DOORDASH*PANDA EXPRESS,"AUSTIN, TX",US,Restaurant-Restaurant
07/25/2025,UBER  EATS 8005928996,31.0,UBER  EATS 8005928996,UBER  EATS 8005928996,"DENVER, CO",US,Restaurant-Restaurant
07/26/2025,MOZART'S COFFEE ROASTER,34.15,MOZART'S COFFEE ROASTER,MOZART'S COFFEE ROASTER,"AUSTIN, TX",US,Restaurant-Restaurant
07/26/2025,SHELL SERVICE STATION AUSTIN TX,56.58,SHELL SERVICE STATION AUSTIN TX,SHELL SERVICE STATION AUSTIN TX,"AUSTIN, TX",US,Travel-Fuel
07/28/2025,UBER *TRIP HELP.UBER.COM,26.96,UBER *TRIP HELP.UBER.COM,UBER *TRIP HELP.UBER.COM,"AUSTIN, TX",US,Transportation-Taxis & Coach
07/28/2025,CVS PHARM #04471 AUSTIN TX,39.15,CVS PHARM #04471 AUSTIN TX,CVS PHARM #04471 AUSTIN TX,"AUSTIN, TX",US,Merchandise & Supplies-Internet Purchase
07/31/2025,WHOLE FOODS MKT #10120,96.22,WHOLE FOODS MKT #10120,WHOLE FOODS MKT #10120,"DENVER, CO",US,Merchandise & Supplies-Wholesale Stores
08/04/2025,COSTCO WHSE #1147,158.26,COSTCO WHSE #1147,COSTCO WHSE #1147,"AUSTIN, TX",US,Merchandise & Supplies-Wholesale Stores
08/10/2025,DOORDASH*CHIPOTLE,21.21,DOORDASH*CHIPOTLE,DOORDASH*CHIPOTLE,"AUSTIN, TX",US,Restaurant-Restaurant
08/11/2025,SPOTIFY USA,11.99,SPOTIFY USA,SPOTIFY USA,"AUSTIN, TX",US,Business Services-Internet Services
08/12/2025,COSTCO WHSE #1147,82.6,COSTCO WHSE #1147,COSTCO WHSE #1147,"AUSTIN, TX",US,Merchandise & Supplies-Wholesale Stores
08/12/2025,STARBUCKS STORE #05028,7.1,STARBUCKS STORE #05028,STARBUCKS STORE #05028,"AUSTIN, TX",US,Restaurant-Restaurant
08/17/2025,COSTCO WHSE #1147,180.62,COSTCO WHSE #1147,COSTCO WHSE #1147,"AUSTIN, TX",US,Merchandise & Supplies-Wholesale Stores
08/19/2025,ONLINE PAYMENT - THANK YOU,-1661.93,ONLINE PAYMENT - THANK YOU,ONLINE PAYMENT - THANK YOU,,,Fees & Adjustments-Payments and Credits
08/20/2025,STARBUCKS STORE #05028,4.59,STARBUCKS STORE #05028,STARBUCKS STORE #05028,"AUSTIN, TX",US,Restaurant-Restaurant
08/20/2025,UBER *EATS HELP.UBER.COM,39.09,UBER *EATS HELP.UBER.COM,UBER *EATS HELP.UBER.COM,"AUSTIN, TX",US,Restaurant-Restaurant
08/21/2025,SHELL OIL 57443982,28.1,SHELL OIL 57443982,SHELL OIL 57443982,"AUSTIN, TX",US,Travel-Fuel
08/22/2025,STARBUCKS 800-782-7282 WA,10.53,STARBUCKS 800-782-7282 WA,STARBUCKS 800-782-7282 WA,"AUSTIN, TX",US,Restaurant-Restaurant
08/26/2025,COSTCO WHSE #1147,199.9,COSTCO WHSE #1147,COSTCO WHSE #1147,"AUSTIN, TX",US,Merchandise & Supplies-Wholesale Stores
08/28/2025,UBER *EATS HELP.UBER.COM,45.67,UBER *EATS HELP.UBER.COM,UBER *EATS HELP.UBER.COM,"DENVER, CO",US,Restaurant-Restaurant
08/31/2025,UBER TRIP 8005928996,10.75,UBER TRIP 8005928996,UBER TRIP 8005928996,"AUSTIN, TX",US,Transportation-Taxis & Coach
09/01/2025,COSTCO WHSE #1147,98.52,COSTCO WHSE #1147,COSTCO WHSE #1147,"AUSTIN, TX",US,Merchandise & Supplies-Wholesale Stores
09/09/2025,WHOLEFDS AUS 10120,27.99,WHOLEFDS AUS 10120,WHOLEFDS AUS 10120,"AUSTIN, TX",US,Merchandise & Supplies-Wholesale Stores
09/11/2025,SPOTIFY USA,11.99,SPOTIFY USA,SPOTIFY USA,"AUSTIN, TX",US,Business Services-Internet Services
09/12/2025,SHELL OIL 57443982,29.13,SHELL OIL 57443982,SHELL OIL 57443982,"AUSTIN, TX",US,Travel-Fuel
09/12/2025,UBER TRIP 8005928996,23.7,UBER TRIP 8005928996,UBER TRIP 8005928996,"AUSTIN, TX",US,Transportation-Taxis & Coach
09/13/2025,STARBUCKS 800-782-7282 WA,5.94,STARBUCKS 800-782-7282 WA,STARBUCKS 800-782-7282 WA,"AUSTIN, TX",US,Restaurant-Restaurant
09/16/2025,SQ *STARBUCKS,7.03,SQ *STARBUCKS,SQ *STARBUCKS,"AUSTIN, TX",US,Restaurant-Restaurant
09/17/2025,DD *WINGSTOP,16.75,DD *WINGSTOP,DD *WINGSTOP,"AUSTIN, TX",US,Restaurant-Restaurant
09/18/2025,UBER  EATS 8005928996,47.48,UBER  EATS 8005928996,UBER  EATS 8005928996,"AUSTIN, TX",US,Restaurant-Restaurant
09/18/2025,UBER *EATS HELP.UBER.COM,39.77,UBER *EATS HELP.UBER.COM,UBER *EATS HELP.UBER.COM,"AUSTIN, TX",US,Restaurant-Restaurant
09/19/2025,ONLINE PAYMENT - THANK YOU,-1640.83,ONLINE PAYMENT - THANK YOU,ONLINE PAYMENT - THANK YOU,,,Fees & Adjustments-Payments and Credits
09/20/2025,AMAZON.COM*2A61VRK0,132.09,AMAZON.COM*2A61VRK0,AMAZON.COM*2A61VRK0,"AUSTIN, TX",US,Merchandise & Supplies-Internet Purchase
09/21/2025,UBER *TRIP HELP.UBER.COM,22.28,UBER *TRIP HELP.UBER.COM,UBER *TRIP HELP.UBER.COM,"AUSTIN, TX",US,Transportation-Taxis & Coach
09/22/2025,DOORDASH*CHIPOTLE,28.48,DOORDASH*CHIPOTLE,DOORDASH*CHIPOTLE,"AUSTIN, TX",US,Restaurant-Restaurant
09/24/2025,MARRIOTT DENVER CO,266.06,MARRIOTT DENVER CO,MARRIOTT DENVER CO,"AUSTIN, TX",US,Travel-Lodging
09/26/2025,SHELL OIL 57443982,48.86,SHELL OIL 57443982,SHELL OIL 57443982,"AUSTIN, TX",US,Travel-Fuel
10/04/2025,STARBUCKS STORE #05028,8.99,STARBUCKS STORE #05028,STARBUCKS STORE #05028,"AUSTIN, TX",US,Restaurant-Restaurant
10/08/2025,DD *WINGSTOP,22.13,DD *WINGSTOP,DD *WINGSTOP,"DENVER, CO",US,Restaurant-Restaurant
10/10/2025,AMZN Mktp US*2KSK1BMD,117.45,AMZN Mktp US*2KSK1BMD,AMZN Mktp US*2KSK1BMD,"AUSTIN, TX",US,Merchandise & Supplies-Internet Purchase
10/10/2025,STARBUCKS STORE #05028,12.23,STARBUCKS STORE #05028,STARBUCKS STORE #05028,"AUSTIN, TX",US,Restaurant-Restaurant
10/11/2025,WHOLE FOODS MKT #10120,135.04,WHOLE FOODS MKT #10120,WHOLE FOODS MKT #10120,"AUSTIN, TX",US,Merchandise & Supplies-Wholesale Stores
10/11/2025,SPOTIFY P0A1B2C3,11.99,SPOTIFY P0A1B2C3,SPOTIFY P0A1B2C3,"AUSTIN, TX",US,Business Services-Internet Services
10/12/2025,STARBUCKS 800-782-7282 WA,12.04,STARBUCKS 800-782-7282 WA,STARBUCKS 800-782-7282 WA,"AUSTIN, TX",US,Restaurant-Restaurant
10/17/2025,COSTCO WHOLESALE #1147 AUSTIN TX,199.51,COSTCO WHOLESALE #1147 AUSTIN TX,COSTCO WHOLESALE #1147 AUSTIN TX,"AUSTIN, TX",US,Merchandise & Supplies-Wholesale Stores
10/17/2025,UBER *TRIP HELP.UBER.COM,24.44,UBER *TRIP HELP.UBER.COM,UBER *TRIP HELP.UBER.COM,"AUSTIN, TX",US,Transportation-Taxis & Coach
10/18/2025,CVS/PHARMACY #4471,45.43,CVS/PHARMACY #4471,CVS/PHARMACY #4471,"AUSTIN, TX",US,Merchandise & Supplies-Internet Purchase
10/19/2025,ONLINE PAYMENT - THANK YOU,-1557.62,ONLINE PAYMENT - THANK YOU,ONLINE PAYMENT - THANK YOU,,,Fees & Adjustments-Payments and Credits
10/20/2025,CVS/PHARMACY #4471,26.59,CVS/PHARMACY #4471,CVS/PHARMACY #4471,"AUSTIN, TX",US,Merchandise & Supplies-Internet Purchase
10/21/2025,DOORDASH*PANDA EXPRESS,36.21,DOORDASH*PANDA EXPRESS,DOORDASH*PANDA EXPRESS,"AUSTIN, TX",US,Restaurant-Restaurant
10/25/2025,STARBUCKS STORE #05028,9.43,STARBUCKS STORE #05028,STARBUCKS STORE #05028,"AUSTIN, TX",US,Restaurant-Restaurant
10/30/2025,SQ *JOE'S DINER AUSTIN TX,13.57,SQ *JOE'S DINER AUSTIN TX,SQ *JOE'S DINER AUSTIN TX,"AUSTIN, TX",US,Restaurant-Restaurant
11/01/2025,SQ *STARBUCKS,11.61,SQ *STARBUCKS,SQ *STARBUCKS,"AUSTIN, TX",US,Restaurant-Restaurant
11/01/2025,UBER *TRIP HELP.UBER.COM,21.77,UBER *TRIP HELP.UBER.COM,UBER *TRIP HELP.UBER.COM,"AUSTIN, TX",US,Transportation-Taxis & Coach
11/04/2025,COSTCO WHSE #1147,126.37,COSTCO WHSE #1147,COSTCO WHSE #1147,"AUSTIN, TX",US,Merchandise & Supplies-Wholesale Stores
11/09/2025,CVS PHARM #04471 AUSTIN TX,17.05,CVS PHARM #04471 AUSTIN TX,CVS PHARM #04471 AUSTIN TX,"AUSTIN, TX",US,Merchandise & Supplies-Internet Purchase
11/10/2025,MOZART'S COFFEE ROASTER,21.24,MOZART'S COFFEE ROASTER,MOZART'S COFFEE ROASTER,"AUSTIN, TX",US,Restaurant-Restaurant
11/11/2025,SPOTIFY USA,11.99,SPOTIFY USA,SPOTIFY USA,"AUSTIN, TX",US,Business Services-Internet Services
11/15/2025,SQ *STARBUCKS,5.3,SQ *STARBUCKS,SQ *STARBUCKS,"AUSTIN, TX",US,Restaurant-Restaurant
11/17/2025,DOORDASH*PANDA EXPRESS,43.16,DOORDASH*PANDA EXPRESS,DOORDASH*PANDA EXPRESS,"AUSTIN, TX",US,Restaurant-Restaurant
11/19/2025,ONLINE PAYMENT - THANK YOU,-1458.12,ONLINE PAYMENT - THANK YOU,ONLINE PAYMENT - THANK YOU,,,Fees & Adjustments-Payments and Credits
11/20/2025,UBER *EATS HELP.UBER.COM,26.55,UBER *EATS HELP.UBER.COM,UBER *EATS HELP.UBER.COM,"AUSTIN, TX",US,Restaurant-Restaurant
11/20/2025,UBER TRIP 8005928996,25.26,UBER TRIP 8005928996,UBER TRIP 8005928996,"AUSTIN, TX",US,Transportation-Taxis & Coach
11/24/2025,COSTCO WHOLESALE #1147 AUSTIN TX,174.25,COSTCO WHOLESALE #1147 AUSTIN TX,COSTCO WHOLESALE #1147 AUSTIN TX,"AUSTIN, TX",US,Merchandise & Supplies-Wholesale Stores
11/25/2025,AMAZON.COM*2AGP1UEQ,147.08,AMAZON.COM*2AGP1UEQ,AMAZON.COM*2AGP1UEQ,"AUSTIN, TX",US,Merchandise & Supplies-Internet Purchase
11/29/2025,STARBUCKS STORE #05028,8.44,STARBUCKS STORE #05028,STARBUCKS STORE #05028,"AUSTIN, TX",US,Restaurant-Restaurant
11/30/2025,SQ *STARBUCKS,6.74,SQ *STARBUCKS,SQ *STARBUCKS,"AUSTIN, TX",US,Restaurant-Restaurant
12/07/2025,UBER *EATS HELP.UBER.COM,40.04,UBER *EATS HELP.UBER.COM,UBER *EATS HELP.UBER.COM,"AUSTIN, TX",US,Restaurant-Restaurant
12/08/2025,SHELL OIL 57443982,49.14,SHELL OIL 57443982,SHELL OIL 57443982,"AUSTIN, TX",US,Travel-Fuel
12/10/2025,UBER TRIP 8005928996,12.63,UBER TRIP 8005928996,UBER TRIP 8005928996,"AUSTIN, TX",US,Transportation-Taxis & Coach
12/11/2025,SPOTIFY P0A1B2C3,11.99,SPOTIFY P0A1B2C3,SPOTIFY P0A1B2C3,"AUSTIN, TX",US,Business Services-Internet Services
12/12/2025,STARBUCKS STORE #05028,6.38,STARBUCKS STORE #05028,STARBUCKS STORE #05028,"AUSTIN, TX",US,Restaurant-Restaurant
12/19/2025,LATE FEE,39.0,LATE FEE,LATE FEE,,,Fees & Adjustments
12/19/2025,UBER *TRIP HELP.UBER.COM,12.76,UBER *TRIP HELP.UBER.COM,UBER *TRIP HELP.UBER.COM,"AUSTIN, TX",US,Transportation-Taxis & Coach
12/24/2025,ONLINE PAYMENT - THANK YOU,-1159.6,ONLINE PAYMENT - THANK YOU,ONLINE PAYMENT - THANK YOU,,,Fees & Adjustments-Payments and Credits
12/26/2025,STARBUCKS STORE #05028,11.55,STARBUCKS STORE #05028,STARBUCKS STORE #05028,"AUSTIN, TX",US,Restaurant-Restaurant
12/26/2025,AMZN Mktp US*2K920PHW,25.67,AMZN Mktp US*2K920PHW,AMZN Mktp US*2K920PHW,"AUSTIN, TX",US,Merchandise & Supplies-Internet Purchase
12/26/2025,COSTCO WHSE #1147,97.25,COSTCO WHSE #1147,COSTCO WHSE #1147,"AUSTIN, TX",US,Merchandise & Supplies-Wholesale Stores
12/26/2025,UBER  EATS 8005928996,15.22,UBER  EATS 8005928996,UBER  EATS 8005928996,"AUSTIN, TX",US,Restaurant-Restaurant
12/27/2025,DD *WINGSTOP,46.76,DD *WINGSTOP,DD *WINGSTOP,"AUSTIN, TX",US,Restaurant-Restaurant
12/29/2025,SQ *JOE'S DINER AUSTIN TX,29.72,SQ *JOE'S DINER AUSTIN TX,SQ *JOE'S DINER AUSTIN TX,"AUSTIN, TX",US,Restaurant-Restaurant
