Description:,BANK OF AMERICA CHECKING ACCOUNT EXPORT
Generated:,07/15/2026
,,,
Date,Description,Amount,Running Bal.
03/01/2023,ONLINE BANKING TRANSFER TO RIVERSIDE APTS LLC,-1557.06,2642.94
03/05/2023,ACH DEPOSIT DIRECT DEP PAYROLL EMPLOYER INC,2558.72,5201.66
03/19/2023,ACH DEPOSIT DIRECT DEP PAYROLL EMPLOYER INC,2453.02,7654.68
03/27/2023,ZELLE PAYMENT TO ROOMMATE SPLIT,-114.46,7540.22
04/01/2023,ONLINE BANKING TRANSFER TO RIVERSIDE APTS LLC,-1574.18,5966.04
04/02/2023,ACH DEPOSIT DIRECT DEP PAYROLL EMPLOYER INC,2461.62,8427.66
04/15/2023,ZELLE PAYMENT TO M CHEN,-53.45,8374.21
04/16/2023,ACH DEPOSIT DIRECT DEP PAYROLL EMPLOYER INC,2534.53,10908.74
04/18/2023,ZELLE PAYMENT TO ROOMMATE SPLIT,-53.92,10854.82
04/24/2023,ZELLE PAYMENT TO M CHEN,-112.88,10741.94
04/28/2023,ZELLE PAYMENT TO J HERNANDEZ,-40.88,10701.06
04/30/2023,ACH DEPOSIT DIRECT DEP PAYROLL EMPLOYER INC,2497.35,13198.41
05/01/2023,ONLINE BANKING TRANSFER TO RIVERSIDE APTS LLC,-1556.35,11642.06
05/03/2023,ONLINE BANKING PAYMENT TO DISCOVER E-PAYMENT,-1580.21,10061.85
05/13/2023,ZELLE PAYMENT TO J HERNANDEZ,-182.9,9878.95
05/14/2023,ACH DEPOSIT DIRECT DEP PAYROLL EMPLOYER INC,2601.37,12480.32
05/14/2023,ZELLE PAYMENT TO M CHEN,-111.4,12368.92
05/28/2023,ACH DEPOSIT DIRECT DEP PAYROLL EMPLOYER INC,2498.38,14867.3
06/01/2023,ONLINE BANKING TRANSFER TO RIVERSIDE APTS LLC,-1584.29,13283.01
06/03/2023,ONLINE BANKING PAYMENT TO DISCOVER E-PAYMENT,-1448.6,11834.41
06/11/2023,ACH DEPOSIT DIRECT DEP PAYROLL EMPLOYER INC,2614.79,14449.2
06/24/2023,ZELLE PAYMENT TO ROOMMATE SPLIT,-194.97,14254.23
06/25/2023,ACH DEPOSIT DIRECT DEP PAYROLL EMPLOYER INC,2498.3,16752.53
07/01/2023,ONLINE BANKING TRANSFER TO RIVERSIDE APTS LLC,-1584.87,15167.66
07/02/2023,ZELLE PAYMENT TO M CHEN,-87.09,15080.57
07/03/2023,ZELLE PAYMENT TO ROOMMATE SPLIT,-41.75,15038.82
07/03/2023,ONLINE BANKING PAYMENT TO DISCOVER E-PAYMENT,-1242.86,13795.96
07/09/2023,ACH DEPOSIT DIRECT DEP PAYROLL EMPLOYER INC,2468.52,16264.48
07/23/2023,ACH DEPOSIT DIRECT DEP PAYROLL EMPLOYER INC,2545.49,18809.97
08/01/2023,ONLINE BANKING TRANSFER TO RIVERSIDE APTS LLC,-1578.91,17231.06
08/03/2023,ONLINE BANKING PAYMENT TO DISCOVER E-PAYMENT,-1062.66,16168.4
08/05/2023,ZELLE PAYMENT TO M CHEN,-65.71,16102.69
08/06/2023,ACH DEPOSIT DIRECT DEP PAYROLL EMPLOYER INC,2527.5,18630.19
08/20/2023,ACH DEPOSIT DIRECT DEP PAYROLL EMPLOYER INC,2517.1,21147.29
08/21/2023,ZELLE PAYMENT TO J HERNANDEZ,-99.98,21047.31
09/01/2023,ONLINE BANKING TRANSFER TO RIVERSIDE APTS LLC,-1598.81,19448.5
09/03/2023,ACH DEPOSIT DIRECT DEP PAYROLL EMPLOYER INC,2603.02,22051.52
09/03/2023,ONLINE BANKING PAYMENT TO DISCOVER E-PAYMENT,-159.92,21891.6
09/04/2023,ZELLE PAYMENT TO M CHEN,-60.17,21831.43
09/09/2023,ZELLE PAYMENT TO J HERNANDEZ,-57.62,21773.81
09/17/2023,ACH DEPOSIT DIRECT DEP PAYROLL EMPLOYER INC,2494.46,24268.27
09/24/2023,ZELLE PAYMENT TO ROOMMATE SPLIT,-107.88,24160.39
09/29/2023,ZELLE PAYMENT TO M CHEN,-23.94,24136.45
10/01/2023,ACH DEPOSIT DIRECT DEP PAYROLL EMPLOYER INC,2584.0,26720.45
10/01/2023,ONLINE BANKING TRANSFER TO RIVERSIDE APTS LLC,-1552.26,25168.19
10/03/2023,ONLINE BANKING PAYMENT TO DISCOVER E-PAYMENT,-278.78,24889.41
10/15/2023,ACH DEPOSIT DIRECT DEP PAYROLL EMPLOYER INC,2616.94,27506.35
10/25/2023,ZELLE PAYMENT TO M CHEN,-139.42,27366.93
10/29/2023,ACH DEPOSIT DIRECT DEP PAYROLL EMPLOYER INC,2540.53,29907.46
11/01/2023,ONLINE BANKING TRANSFER TO RIVERSIDE APTS LLC,-1585.76,28321.7
11/01/2023,ZELLE PAYMENT TO ROOMMATE SPLIT,-60.04,28261.66
11/03/2023,ONLINE BANKING PAYMENT TO DISCOVER E-PAYMENT,-1301.63,26960.03
11/06/2023,ZELLE PAYMENT TO ROOMMATE SPLIT,-195.76,26764.27
11/12/2023,ACH DEPOSIT DIRECT DEP PAYROLL EMPLOYER INC,2550.62,29314.89
11/13/2023,ZELLE PAYMENT TO M CHEN,-125.42,29189.47
11/26/2023,ACH DEPOSIT DIRECT DEP PAYROLL EMPLOYER INC,2634.73,31824.2
12/01/2023,ONLINE BANKING TRANSFER TO RIVERSIDE APTS LLC,-1590.04,30234.16
12/03/2023,ONLINE BANKING PAYMENT TO DISCOVER E-PAYMENT,-1466.76,28767.4
12/10/2023,ACH DEPOSIT DIRECT DEP PAYROLL EMPLOYER INC,2570.81,31338.21
12/24/2023,ACH DEPOSIT DIRECT DEP PAYROLL EMPLOYER INC,2486.18,33824.39
12/28/2023,ZELLE PAYMENT TO M CHEN,-59.59,33764.8
01/01/2024,ONLINE BANKING TRANSFER TO RIVERSIDE APTS LLC,-1555.64,32209.16
01/03/2024,ONLINE BANKING PAYMENT TO DISCOVER E-PAYMENT,-2128.68,30080.48
01/07/2024,ACH DEPOSIT DIRECT DEP PAYROLL EMPLOYER INC,2463.9,32544.38
01/17/2024,ZELLE PAYMENT TO ROOMMATE SPLIT,-86.8,32457.58
01/21/2024,ACH DEPOSIT DIRECT DEP PAYROLL EMPLOYER INC,2466.43,34924.01
02/01/2024,ONLINE BANKING TRANSFER TO RIVERSIDE APTS LLC,-1566.1,33357.91
02/02/2024,ZELLE PAYMENT TO M CHEN,-153.79,33204.12
02/03/2024,ONLINE BANKING PAYMENT TO DISCOVER E-PAYMENT,-938.81,32265.31
02/04/2024,ACH DEPOSIT DIRECT DEP PAYROLL EMPLOYER INC,2516.33,34781.64
02/08/2024,ZELLE PAYMENT TO J HERNANDEZ,-129.23,34652.41
02/10/2024,ZELLE PAYMENT TO J HERNANDEZ,-171.61,34480.8
02/18/2024,ACH DEPOSIT DIRECT DEP PAYROLL EMPLOYER INC,2467.77,36948.57
02/25/2024,ATM WITHDRAWAL - AUSTIN TX,-100.0,36848.57
03/01/2024,ONLINE BANKING TRANSFER TO RIVERSIDE APTS LLC,-1552.69,35295.88
03/03/2024,ACH DEPOSIT DIRECT DEP PAYROLL EMPLOYER INC,2579.77,37875.65
03/03/2024,ONLINE BANKING PAYMENT TO DISCOVER E-PAYMENT,-1250.11,36625.54
03/09/2024,ZELLE PAYMENT TO M CHEN,-147.75,36477.79
03/17/2024,ACH DEPOSIT DIRECT DEP PAYROLL EMPLOYER INC,2534.72,39012.51
03/25/2024,ZELLE PAYMENT TO ROOMMATE SPLIT,-142.68,38869.83
03/31/2024,ACH DEPOSIT DIRECT DEP PAYROLL EMPLOYER INC,2511.7,41381.53
04/01/2024,ONLINE BANKING TRANSFER TO RIVERSIDE APTS LLC,-1579.15,39802.38
04/03/2024,ONLINE BANKING PAYMENT TO DISCOVER E-PAYMENT,-623.1,39179.28
04/14/2024,ACH DEPOSIT DIRECT DEP PAYROLL EMPLOYER INC,2552.43,41731.71
04/15/2024,ZELLE PAYMENT TO J HERNANDEZ,-56.3,41675.41
04/16/2024,ZELLE PAYMENT TO M CHEN,-37.67,41637.74
04/26/2024,ZELLE PAYMENT TO M CHEN,-56.2,41581.54
04/28/2024,ACH DEPOSIT DIRECT DEP PAYROLL EMPLOYER INC,2637.33,44218.87
05/01/2024,ONLINE BANKING TRANSFER TO RIVERSIDE APTS LLC,-1586.15,42632.72
05/03/2024,ONLINE BANKING PAYMENT TO DISCOVER E-PAYMENT,-529.84,42102.88
05/11/2024,ZELLE PAYMENT TO M CHEN,-170.45,41932.43
05/12/2024,ACH DEPOSIT DIRECT DEP PAYROLL EMPLOYER INC,2498.88,44431.31
05/22/2024,ZELLE PAYMENT TO ROOMMATE SPLIT,-198.36,44232.95
05/26/2024,ACH DEPOSIT DIRECT DEP PAYROLL EMPLOYER INC,2480.94,46713.89
06/01/2024,ONLINE BANKING TRANSFER TO RIVERSIDE APTS LLC,-1567.4,45146.49
06/03/2024,ONLINE BANKING PAYMENT TO DISCOVER E-PAYMENT,-355.56,44790.93
06/09/2024,ACH DEPOSIT DIRECT DEP PAYROLL EMPLOYER INC,2511.07,47302.0
06/23/2024,ACH DEPOSIT DIRECT DEP PAYROLL EMPLOYER INC,2514.86,49816.86
07/01/2024,ONLINE BANKING TRANSFER TO RIVERSIDE APTS LLC,-1584.77,48232.09
07/03/2024,ONLINE BANKING PAYMENT TO DISCOVER E-PAYMENT,-1914.99,46317.1
07/07/2024,ACH DEPOSIT DIRECT DEP PAYROLL EMPLOYER INC,2631.98,48949.08
07/07/2024,ZELLE PAYMENT TO M CHEN,-144.31,48804.77
07/21/2024,ACH DEPOSIT DIRECT DEP PAYROLL EMPLOYER INC,2591.24,51396.01
07/30/2024,ZELLE PAYMENT TO M CHEN,-82.73,51313.28
08/01/2024,ONLINE BANKING TRANSFER TO RIVERSIDE APTS LLC,-1568.34,49744.94
08/03/2024,ONLINE BANKING PAYMENT TO DISCOVER E-PAYMENT,-1035.65,48709.29
08/04/2024,ACH DEPOSIT DIRECT DEP PAYROLL EMPLOYER INC,2535.77,51245.06
08/09/2024,ZELLE PAYMENT TO M CHEN,-61.3,51183.76
08/18/2024,ACH DEPOSIT DIRECT DEP PAYROLL EMPLOYER INC,2483.19,53666.95
08/20/2024,ZELLE PAYMENT TO M CHEN,-185.24,53481.71
09/01/2024,ACH DEPOSIT DIRECT DEP PAYROLL EMPLOYER INC,2459.08,55940.79
09/01/2024,ONLINE BANKING TRANSFER TO RIVERSIDE APTS LLC,-1585.61,54355.18
09/03/2024,ONLINE BANKING PAYMENT TO DISCOVER E-PAYMENT,-977.29,53377.89
09/15/2024,ACH DEPOSIT DIRECT DEP PAYROLL EMPLOYER INC,2474.48,55852.37
09/20/2024,ZELLE PAYMENT TO ROOMMATE SPLIT,-89.2,55763.17
09/23/2024,ZELLE PAYMENT TO M CHEN,-51.97,55711.2
09/28/2024,ZELLE PAYMENT TO J HERNANDEZ,-22.84,55688.36
09/29/2024,ACH DEPOSIT DIRECT DEP PAYROLL EMPLOYER INC,2619.5,58307.86
10/01/2024,ONLINE BANKING TRANSFER TO RIVERSIDE APTS LLC,-1563.85,56744.01
10/01/2024,ZELLE PAYMENT TO ROOMMATE SPLIT,-68.69,56675.32
10/03/2024,ONLINE BANKING PAYMENT TO DISCOVER E-PAYMENT,-1772.74,54902.58
10/07/2024,ZELLE PAYMENT TO M CHEN,-145.53,54757.05
10/13/2024,ACH DEPOSIT DIRECT DEP PAYROLL EMPLOYER INC,2579.61,57336.66
10/22/2024,ZELLE PAYMENT TO J HERNANDEZ,-26.23,57310.43
10/27/2024,ACH DEPOSIT DIRECT DEP PAYROLL EMPLOYER INC,2481.32,59791.75
11/01/2024,ONLINE BANKING TRANSFER TO RIVERSIDE APTS LLC,-1598.91,58192.84
11/03/2024,ONLINE BANKING PAYMENT TO DISCOVER E-PAYMENT,-321.29,57871.55
11/10/2024,ACH DEPOSIT DIRECT DEP PAYROLL EMPLOYER INC,2575.04,60446.59
11/13/2024,ZELLE PAYMENT TO ROOMMATE SPLIT,-40.53,60406.06
11/15/2024,ZELLE PAYMENT TO ROOMMATE SPLIT,-22.76,60383.3
11/15/2024,ONLINE BANKING PAYMENT TO CHASE CREDIT CRD EPAY,-1437.45,58945.85
11/24/2024,ACH DEPOSIT DIRECT DEP PAYROLL EMPLOYER INC,2461.68,61407.53
12/01/2024,ONLINE BANKING TRANSFER TO RIVERSIDE APTS LLC,-1571.9,59835.63
12/03/2024,ONLINE BANKING PAYMENT TO DISCOVER E-PAYMENT,-2488.01,57347.62
12/08/2024,ACH DEPOSIT DIRECT DEP PAYROLL EMPLOYER INC,2551.38,59899.0
12/14/2024,ZELLE PAYMENT TO J HERNANDEZ,-77.97,59821.03
12/15/2024,ONLINE BANKING PAYMENT TO CHASE CREDIT CRD EPAY,-1190.86,58630.17
12/22/2024,ACH DEPOSIT DIRECT DEP PAYROLL EMPLOYER INC,2517.07,61147.24
12/27/2024,ZELLE PAYMENT TO ROOMMATE SPLIT,-65.12,61082.12
01/01/2025,ONLINE BANKING TRANSFER TO RIVERSIDE APTS LLC,-1550.18,59531.94
01/03/2025,ONLINE BANKING PAYMENT TO DISCOVER E-PAYMENT,-2151.4,57380.54
01/04/2025,ZELLE PAYMENT TO ROOMMATE SPLIT,-154.56,57225.98
01/05/2025,ACH DEPOSIT DIRECT DEP PAYROLL EMPLOYER INC,2470.49,59696.47
01/13/2025,ZELLE PAYMENT TO ROOMMATE SPLIT,-66.45,59630.02
01/15/2025,ONLINE BANKING PAYMENT TO CHASE CREDIT CRD EPAY,-1879.89,57750.13
01/19/2025,ACH DEPOSIT DIRECT DEP PAYROLL EMPLOYER INC,2598.5,60348.63
01/27/2025,ZELLE PAYMENT TO ROOMMATE SPLIT,-88.74,60259.89
02/01/2025,ONLINE BANKING TRANSFER TO RIVERSIDE APTS LLC,-1554.57,58705.32
02/02/2025,ACH DEPOSIT DIRECT DEP PAYROLL EMPLOYER INC,2593.35,61298.67
02/02/2025,ZELLE PAYMENT TO M CHEN,-112.49,61186.18
02/03/2025,ONLINE BANKING PAYMENT TO DISCOVER E-PAYMENT,-666.3,60519.88
02/05/2025,ZELLE PAYMENT TO J HERNANDEZ,-23.32,60496.56
02/15/2025,ONLINE BANKING PAYMENT TO CHASE CREDIT CRD EPAY,-2146.56,58350.0
02/16/2025,ACH DEPOSIT DIRECT DEP PAYROLL EMPLOYER INC,2552.13,60902.13
03/01/2025,ONLINE BANKING TRANSFER TO RIVERSIDE APTS LLC,-1586.31,59315.82
03/02/2025,ACH DEPOSIT DIRECT DEP PAYROLL EMPLOYER INC,2483.62,61799.44
03/03/2025,ONLINE BANKING PAYMENT TO DISCOVER E-PAYMENT,-2840.41,58959.03
03/14/2025,ZELLE PAYMENT TO ROOMMATE SPLIT,-70.92,58888.11
03/15/2025,ONLINE BANKING PAYMENT TO CHASE CREDIT CRD EPAY,-1543.31,57344.8
03/16/2025,ACH DEPOSIT DIRECT DEP PAYROLL EMPLOYER INC,2583.92,59928.72
03/20/2025,ZELLE PAYMENT TO J HERNANDEZ,-29.31,59899.41
03/20/2025,ATM WITHDRAWAL - AUSTIN TX,-60.0,59839.41
03/26/2025,ATM WITHDRAWAL - AUSTIN TX,-60.0,59779.41
03/30/2025,ACH DEPOSIT DIRECT DEP PAYROLL EMPLOYER INC,2536.66,62316.07
04/01/2025,ONLINE BANKING TRANSFER TO RIVERSIDE APTS LLC,-1593.24,60722.83
04/02/2025,ZELLE PAYMENT TO ROOMMATE SPLIT,-146.98,60575.85
04/03/2025,ATM WITHDRAWAL - AUSTIN TX,-100.0,60475.85
04/03/2025,ONLINE BANKING PAYMENT TO DISCOVER E-PAYMENT,-595.39,59880.46
04/13/2025,ACH DEPOSIT DIRECT DEP PAYROLL EMPLOYER INC,2582.25,62462.71
04/15/2025,ONLINE BANKING PAYMENT TO CHASE CREDIT CRD EPAY,-1492.83,60969.88
04/18/2025,ONLINE BANKING PAYMENT TO AMERICAN EXPRESS ACH PMT,-1327.76,59642.12
04/21/2025,ZELLE PAYMENT TO M CHEN,-71.56,59570.56
04/27/2025,ACH DEPOSIT DIRECT DEP PAYROLL EMPLOYER INC,2468.29,62038.85
05/01/2025,ONLINE BANKING TRANSFER TO RIVERSIDE APTS LLC,-1581.84,60457.01
05/03/2025,ONLINE BANKING PAYMENT TO DISCOVER E-PAYMENT,-921.41,59535.6
05/10/2025,ZELLE PAYMENT TO J HERNANDEZ,-103.11,59432.49
05/11/2025,ACH DEPOSIT DIRECT DEP PAYROLL EMPLOYER INC,2630.52,62063.01
05/12/2025,ATM WITHDRAWAL - AUSTIN TX,-60.0,62003.01
05/15/2025,ZELLE PAYMENT TO ROOMMATE SPLIT,-67.48,61935.53
05/15/2025,ONLINE BANKING PAYMENT TO CHASE CREDIT CRD EPAY,-1217.41,60718.12
05/18/2025,ONLINE BANKING PAYMENT TO AMERICAN EXPRESS ACH PMT,-1049.83,59668.29
05/25/2025,ACH DEPOSIT DIRECT DEP PAYROLL EMPLOYER INC,2450.71,62119.0
06/01/2025,ONLINE BANKING TRANSFER TO RIVERSIDE APTS LLC,-1557.77,60561.23
06/03/2025,ONLINE BANKING PAYMENT TO DISCOVER E-PAYMENT,-682.92,59878.31
06/05/2025,ZELLE PAYMENT TO ROOMMATE SPLIT,-174.27,59704.04
06/08/2025,ACH DEPOSIT DIRECT DEP PAYROLL EMPLOYER INC,2494.54,62198.58
06/15/2025,ONLINE BANKING PAYMENT TO CHASE CREDIT CRD EPAY,-990.84,61207.74
06/18/2025,ONLINE BANKING PAYMENT TO AMERICAN EXPRESS ACH PMT,-783.64,60424.1
06/22/2025,ACH DEPOSIT DIRECT DEP PAYROLL EMPLOYER INC,2529.67,62953.77
07/01/2025,ONLINE BANKING TRANSFER TO RIVERSIDE APTS LLC,-1593.6,61360.17
07/03/2025,ONLINE BANKING PAYMENT TO DISCOVER E-PAYMENT,-998.76,60361.41
07/06/2025,ACH DEPOSIT DIRECT DEP PAYROLL EMPLOYER INC,2489.68,62851.09
07/15/2025,ONLINE BANKING PAYMENT TO CHASE CREDIT CRD EPAY,-1520.72,61330.37
07/18/2025,ONLINE BANKING PAYMENT TO AMERICAN EXPRESS ACH PMT,-1205.27,60125.1
07/20/2025,ACH DEPOSIT DIRECT DEP PAYROLL EMPLOYER INC,2467.56,62592.66
07/27/2025,ONLINE BANKING PAYMENT TO APPLE CARD GS BANK PAYMENT,-953.37,61639.29
07/29/2025,ZELLE PAYMENT TO ROOMMATE SPLIT,-165.59,61473.7
08/01/2025,ONLINE BANKING TRANSFER TO RIVERSIDE APTS LLC,-1585.84,59887.86
08/03/2025,ACH DEPOSIT DIRECT DEP PAYROLL EMPLOYER INC,2587.49,62475.35
08/03/2025,ONLINE BANKING PAYMENT TO DISCOVER E-PAYMENT,-863.93,61611.42
08/04/2025,ZELLE PAYMENT TO ROOMMATE SPLIT,-148.56,61462.86
08/08/2025,ZELLE PAYMENT TO J HERNANDEZ,-182.53,61280.33
08/09/2025,ZELLE PAYMENT TO M CHEN,-174.23,61106.1
08/15/2025,ONLINE BANKING PAYMENT TO CHASE CREDIT CRD EPAY,-793.77,60312.33
08/17/2025,ACH DEPOSIT DIRECT DEP PAYROLL EMPLOYER INC,2648.77,62961.1
08/18/2025,ONLINE BANKING PAYMENT TO AMERICAN EXPRESS ACH PMT,-1661.93,61299.17
08/21/2025,ATM WITHDRAWAL - AUSTIN TX,-60.0,61239.17
08/27/2025,ONLINE BANKING PAYMENT TO APPLE CARD GS BANK PAYMENT,-976.11,60263.06
08/31/2025,ACH DEPOSIT DIRECT DEP PAYROLL EMPLOYER INC,2516.99,62780.05
09/01/2025,ONLINE BANKING TRANSFER TO RIVERSIDE APTS LLC,-1555.76,61224.29
09/03/2025,ONLINE BANKING PAYMENT TO DISCOVER E-PAYMENT,-690.17,60534.12
09/14/2025,ACH DEPOSIT DIRECT DEP PAYROLL EMPLOYER INC,2503.24,63037.36
09/15/2025,ONLINE BANKING PAYMENT TO CHASE CREDIT CRD EPAY,-784.86,62252.5
09/18/2025,ONLINE BANKING PAYMENT TO AMERICAN EXPRESS ACH PMT,-1640.83,60611.67
09/19/2025,ZELLE PAYMENT TO ROOMMATE SPLIT,-162.64,60449.03
09/22/2025,ZELLE PAYMENT TO M CHEN,-48.86,60400.17
09/27/2025,ONLINE BANKING PAYMENT TO APPLE CARD GS BANK PAYMENT,-715.78,59684.39
09/28/2025,ACH DEPOSIT DIRECT DEP PAYROLL EMPLOYER INC,2584.13,62268.52
10/01/2025,ONLINE BANKING TRANSFER TO RIVERSIDE APTS LLC,-1569.03,60699.49
10/03/2025,ONLINE BANKING PAYMENT TO DISCOVER E-PAYMENT,-1552.81,59146.68
10/04/2025,ATM WITHDRAWAL - AUSTIN TX,-60.0,59086.68
10/08/2025,ZELLE PAYMENT TO ROOMMATE SPLIT,-175.67,58911.01
10/12/2025,ACH DEPOSIT DIRECT DEP PAYROLL EMPLOYER INC,2494.52,61405.53
10/15/2025,ONLINE BANKING PAYMENT TO CHASE CREDIT CRD EPAY,-1247.68,60157.85
10/18/2025,ONLINE BANKING PAYMENT TO AMERICAN EXPRESS ACH PMT,-1557.62,58600.23
10/26/2025,ACH DEPOSIT DIRECT DEP PAYROLL EMPLOYER INC,2530.15,61130.38
10/27/2025,ONLINE BANKING PAYMENT TO APPLE CARD GS BANK PAYMENT,-1013.47,60116.91
10/28/2025,ZELLE PAYMENT TO J HERNANDEZ,-123.42,59993.49
11/01/2025,ONLINE BANKING TRANSFER TO RIVERSIDE APTS LLC,-1583.57,58409.92
11/03/2025,ONLINE BANKING PAYMENT TO DISCOVER E-PAYMENT,-483.91,57926.01
11/06/2025,ZELLE PAYMENT TO M CHEN,-156.8,57769.21
11/09/2025,ACH DEPOSIT DIRECT DEP PAYROLL EMPLOYER INC,2587.69,60356.9
11/15/2025,ONLINE BANKING PAYMENT TO CHASE CREDIT CRD EPAY,-1354.53,59002.37
11/18/2025,ONLINE BANKING PAYMENT TO AMERICAN EXPRESS ACH PMT,-1458.12,57544.25
11/23/2025,ACH DEPOSIT DIRECT DEP PAYROLL EMPLOYER INC,2536.14,60080.39
11/27/2025,ONLINE BANKING PAYMENT TO APPLE CARD GS BANK PAYMENT,-665.54,59414.85
11/28/2025,ZELLE PAYMENT TO J HERNANDEZ,-193.9,59220.95
12/01/2025,ONLINE BANKING TRANSFER TO RIVERSIDE APTS LLC,-1550.18,57670.77
12/01/2025,MONTHLY MAINTENANCE FEE,-12.0,57658.77
12/03/2025,ONLINE BANKING PAYMENT TO DISCOVER E-PAYMENT,-1930.64,55728.13
12/07/2025,ACH DEPOSIT DIRECT DEP PAYROLL EMPLOYER INC,2481.15,58209.28
12/15/2025,ONLINE BANKING PAYMENT TO CHASE CREDIT CRD EPAY,-1346.78,56862.5
12/21/2025,ACH DEPOSIT DIRECT DEP PAYROLL EMPLOYER INC,2464.09,59326.59
12/24/2025,ONLINE BANKING PAYMENT TO AMERICAN EXPRESS ACH PMT,-1159.6,58166.99
12/25/2025,ZELLE PAYMENT TO M CHEN,-67.42,58099.57
12/27/2025,ONLINE BANKING PAYMENT TO APPLE CARD GS BANK PAYMENT,-1249.74,56849.83
01/01/2026,ONLINE BANKING TRANSFER TO RIVERSIDE APTS LLC,-1552.12,55297.71
01/03/2026,ONLINE BANKING PAYMENT TO DISCOVER E-PAYMENT,-655.47,54642.24
01/04/2026,ACH DEPOSIT DIRECT DEP PAYROLL EMPLOYER INC,2558.6,57200.84
01/15/2026,ZELLE PAYMENT TO ROOMMATE SPLIT,-106.97,57093.87
01/15/2026,ONLINE BANKING PAYMENT TO CHASE CREDIT CRD EPAY,-1615.2,55478.67
01/18/2026,ACH DEPOSIT DIRECT DEP PAYROLL EMPLOYER INC,2648.12,58126.79
01/18/2026,ONLINE BANKING PAYMENT TO AMERICAN EXPRESS ACH PMT,-779.75,57347.04
01/27/2026,ONLINE BANKING PAYMENT TO APPLE CARD GS BANK PAYMENT,-848.41,56498.63
02/01/2026,ACH DEPOSIT DIRECT DEP PAYROLL EMPLOYER INC,2633.99,59132.62
02/01/2026,ONLINE BANKING TRANSFER TO RIVERSIDE APTS LLC,-1567.68,57564.94
02/03/2026,ATM WITHDRAWAL - AUSTIN TX,-60.0,57504.94
02/03/2026,ONLINE BANKING PAYMENT TO DISCOVER E-PAYMENT,-887.29,56617.65
02/05/2026,ZELLE PAYMENT TO J HERNANDEZ,-33.91,56583.74
02/12/2026,ZELLE PAYMENT TO J HERNANDEZ,-60.07,56523.67
02/15/2026,ACH DEPOSIT DIRECT DEP PAYROLL EMPLOYER INC,2469.98,58993.65
02/15/2026,ONLINE BANKING PAYMENT TO CHASE CREDIT CRD EPAY,-1170.98,57822.67
02/18/2026,ONLINE BANKING PAYMENT TO AMERICAN EXPRESS ACH PMT,-415.42,57407.25
02/27/2026,ONLINE BANKING PAYMENT TO APPLE CARD GS BANK PAYMENT,-666.19,56741.06
03/01/2026,ACH DEPOSIT DIRECT DEP PAYROLL EMPLOYER INC,2550.46,59291.52
03/01/2026,ONLINE BANKING TRANSFER TO RIVERSIDE APTS LLC,-1593.73,57697.79
03/03/2026,ONLINE BANKING PAYMENT TO DISCOVER E-PAYMENT,-157.82,57539.97
03/06/2026,ZELLE PAYMENT TO ROOMMATE SPLIT,-73.98,57465.99
03/15/2026,ACH DEPOSIT DIRECT DEP PAYROLL EMPLOYER INC,2547.69,60013.68
03/15/2026,ZELLE PAYMENT TO M CHEN,-70.64,59943.04
03/15/2026,ONLINE BANKING PAYMENT TO CHASE CREDIT CRD EPAY,-1273.13,58669.91
03/17/2026,ZELLE PAYMENT TO M CHEN,-192.85,58477.06
03/18/2026,ZELLE PAYMENT TO ROOMMATE SPLIT,-105.62,58371.44
03/18/2026,ONLINE BANKING PAYMENT TO AMERICAN EXPRESS ACH PMT,-342.33,58029.11
03/20/2026,ZELLE PAYMENT TO ROOMMATE SPLIT,-88.58,57940.53
03/23/2026,ZELLE PAYMENT TO J HERNANDEZ,-27.95,57912.58
03/27/2026,ONLINE BANKING PAYMENT TO APPLE CARD GS BANK PAYMENT,-717.47,57195.11
03/29/2026,ACH DEPOSIT DIRECT DEP PAYROLL EMPLOYER INC,2488.8,59683.91
03/31/2026,ATM WITHDRAWAL - AUSTIN TX,-40.0,59643.91
04/01/2026,ONLINE BANKING TRANSFER TO RIVERSIDE APTS LLC,-1599.82,58044.09
04/03/2026,ONLINE BANKING PAYMENT TO DISCOVER E-PAYMENT,-959.49,57084.6
04/12/2026,ACH DEPOSIT DIRECT DEP PAYROLL EMPLOYER INC,2583.96,59668.56
04/15/2026,ONLINE BANKING PAYMENT TO CHASE CREDIT CRD EPAY,-1116.19,58552.37
04/18/2026,ONLINE BANKING PAYMENT TO AMERICAN EXPRESS ACH PMT,-1200.55,57351.82
04/26/2026,ACH DEPOSIT DIRECT DEP PAYROLL EMPLOYER INC,2549.12,59900.94
04/27/2026,ONLINE BANKING PAYMENT TO APPLE CARD GS BANK PAYMENT,-536.86,59364.08
05/01/2026,ONLINE BANKING TRANSFER TO RIVERSIDE APTS LLC,-1565.92,57798.16
05/03/2026,ONLINE BANKING PAYMENT TO DISCOVER E-PAYMENT,-205.28,57592.88
05/10/2026,ACH DEPOSIT DIRECT DEP PAYROLL EMPLOYER INC,2611.75,60204.63
05/12/2026,ZELLE PAYMENT TO M CHEN,-85.09,60119.54
05/15/2026,ONLINE BANKING PAYMENT TO CHASE CREDIT CRD EPAY,-966.62,59152.92
05/18/2026,ONLINE BANKING PAYMENT TO AMERICAN EXPRESS ACH PMT,-1564.83,57588.09
05/24/2026,ACH DEPOSIT DIRECT DEP PAYROLL EMPLOYER INC,2508.39,60096.48
05/27/2026,ONLINE BANKING PAYMENT TO APPLE CARD GS BANK PAYMENT,-304.18,59792.3
06/01/2026,ONLINE BANKING TRANSFER TO RIVERSIDE APTS LLC,-1595.44,58196.86
06/02/2026,ZELLE PAYMENT TO ROOMMATE SPLIT,-136.58,58060.28
06/03/2026,ONLINE BANKING PAYMENT TO DISCOVER E-PAYMENT,-3164.38,54895.9
06/07/2026,ACH DEPOSIT DIRECT DEP PAYROLL EMPLOYER INC,2636.78,57532.68
06/15/2026,ONLINE BANKING PAYMENT TO CHASE CREDIT CRD EPAY,-1079.95,56452.73
06/18/2026,ONLINE BANKING PAYMENT TO AMERICAN EXPRESS ACH PMT,-1066.43,55386.3
06/21/2026,ACH DEPOSIT DIRECT DEP PAYROLL EMPLOYER INC,2612.91,57999.21
06/27/2026,ONLINE BANKING PAYMENT TO APPLE CARD GS BANK PAYMENT,-949.12,57050.09
07/01/2026,ONLINE BANKING TRANSFER TO RIVERSIDE APTS LLC,-1589.3,55460.79
07/03/2026,ONLINE BANKING PAYMENT TO DISCOVER E-PAYMENT,-364.79,55096.0
07/05/2026,ACH DEPOSIT DIRECT DEP PAYROLL EMPLOYER INC,2544.7,57640.7
07/15/2026,ONLINE BANKING PAYMENT TO CHASE CREDIT CRD EPAY,-1354.09,56286.61
