Trans. Date,Post Date,Description,Amount,Category
01/01/2025,01/02/2025,SAFEWAY #2214,37.29,Supermarkets
01/01/2026,01/03/2026,STARBUCKS 800-782-7282 WA,11.46,Restaurants
01/03/2024,01/05/2024,SAFEWAY STORE 2214 AUSTIN TX,62.64,Supermarkets
01/03/2024,01/04/2024,HEB #0442,38.01,Supermarkets
01/03/2026,01/05/2026,CHIPOTLE ONLINE,12.53,Restaurants
01/05/2025,01/06/2025,AMZN Mktp US*2KEKSM1Q,70.96,Merchandise
01/06/2024,01/06/2024,INTERNET PAYMENT - THANK YOU,-2128.68,Payments and Credits
01/06/2025,01/06/2025,INTERNET PAYMENT - THANK YOU,-2151.4,Payments and Credits
01/06/2026,01/06/2026,INTERNET PAYMENT - THANK YOU,-655.47,Payments and Credits
01/07/2024,01/08/2024,STARBUCKS 800-782-7282 WA,5.42,Restaurants
01/10/2026,01/11/2026,TARGET.COM*8871029,23.97,Merchandise
01/11/2024,01/12/2024,STARBUCKS 800-782-7282 WA,6.24,Restaurants
01/11/2025,01/13/2025,COSTCO WHOLESALE #1147 AUSTIN TX,121.02,Supermarkets
01/11/2025,01/11/2025,PURCHASE FINANCE CHARGE,44.75,Fees
01/13/2024,01/14/2024,COSTCO WHSE #1147,155.46,Supermarkets
01/13/2024,01/14/2024,STARBUCKS STORE #05028,9.84,Restaurants
01/13/2025,01/14/2025,HEB #0442,139.06,Supermarkets
01/13/2026,01/14/2026,H-E-B #442 AUSTIN TX,35.8,Supermarkets
01/13/2026,01/14/2026,DD *WINGSTOP,25.74,Restaurants
01/14/2024,01/15/2024,COSTCO WHSE #1147,163.78,Supermarkets
01/14/2024,01/16/2024,DD *WINGSTOP,46.22,Restaurants
01/15/2025,01/16/2025,COSTCO GAS #1147,47.56,Gasoline
01/15/2025,01/16/2025,SAFEWAY #2214,118.6,Supermarkets
01/16/2024,01/18/2024,SQ *STARBUCKS,11.11,Restaurants
01/17/2025,01/19/2025,H-E-B #442 AUSTIN TX,25.11,Supermarkets
01/17/2026,01/18/2026,UBER *TRIP HELP.UBER.COM,18.35,Services
01/19/2026,01/21/2026,ALBERTSONS-SAFEWAY #2214,38.83,Supermarkets
01/20/2026,01/21/2026,DOORDASH*PANDA EXPRESS,17.51,Restaurants
01/21/2024,01/22/2024,TARGET 00021842 AUSTIN TX,87.15,Merchandise
01/21/2024,01/22/2024,BEST BUY 00003291,173.79,Merchandise
01/22/2024,01/23/2024,UBER *EATS HELP.UBER.COM,15.56,Restaurants
01/22/2025,01/23/2025,COSTCO WHSE #1147,159.85,Supermarkets
01/22/2026,01/23/2026,UBER TRIP 8005928996,19.84,Services
01/23/2024,01/24/2024,COSTCO GAS #1147,39.12,Gasoline
01/24/2024,01/25/2024,DOORDASH*CHIPOTLE,41.26,Restaurants
01/24/2026,01/26/2026,STARBUCKS STORE #05028,6.59,Restaurants
01/26/2024,01/27/2024,SFW_#22,140.29,Supermarkets
01/26/2025,01/27/2025,STARBUCKS 800-782-7282 WA,5.12,Restaurants
01/27/2026,01/29/2026,UBER *EATS HELP.UBER.COM,49.57,Restaurants
01/28/2024,01/30/2024,SAFEWAY #2214,59.21,Supermarkets
01/29/2024,01/30/2024,HEB #0442,96.84,Supermarkets
01/30/2025,01/31/2025,CHEVRON/QPS 0039812,27.55,Gasoline
01/31/2024,02/01/2024,UBER TRIP 8005928996,12.88,Services
01/31/2024,02/01/2024,TARGET 00021842 AUSTIN TX,18.83,Merchandise
01/31/2026,02/02/2026,UBER *EATS HELP.UBER.COM,40.16,Restaurants
02/02/2025,02/03/2025,UBER TRIP 8005928996,9.26,Services
02/02/2026,02/03/2026,UBER *TRIP HELP.UBER.COM,38.17,Services
02/03/2024,02/04/2024,AMAZON.COM*2A91DZ9U,25.97,Merchandise
02/03/2025,02/05/2025,SAFEWAY #2214,33.3,Supermarkets
02/03/2026,02/04/2026,UBER *EATS HELP.UBER.COM,17.81,Restaurants
02/04/2024,02/05/2024,UBER TRIP 8005928996,40.49,Services
02/06/2024,02/06/2024,INTERNET PAYMENT - THANK YOU,-938.81,Payments and Credits
02/06/2025,02/06/2025,INTERNET PAYMENT - THANK YOU,-666.3,Payments and Credits
02/06/2025,02/08/2025,SQ *STARBUCKS,12.26,Restaurants
02/06/2026,02/06/2026,INTERNET PAYMENT - THANK YOU,-887.29,Payments and Credits
02/07/2026,02/09/2026,TARGET 00021842 AUSTIN TX,65.77,Merchandise
02/09/2026,02/10/2026,AMZN Mktp US*2KYI1FJB,70.35,Merchandise
02/10/2024,02/11/2024,UBER TRIP 8005928996,13.64,Services
02/11/2024,02/13/2024,CHEVRON 00398,26.27,Gasoline
02/11/2025,02/13/2025,STARBUCKS 800-782-7282 WA,7.78,Restaurants
02/11/2026,02/11/2026,PURCHASE FINANCE CHARGE,7.53,Fees
02/11/2026,02/13/2026,STARBUCKS 800-782-7282 WA,5.15,Restaurants
02/15/2024,02/16/2024,STARBUCKS STORE #05028,9.57,Restaurants
02/15/2024,02/16/2024,STARBUCKS 800-782-7282 WA,9.31,Restaurants
02/15/2025,02/16/2025,STARBUCKS STORE #05028,6.1,Restaurants
02/15/2025,02/17/2025,UBER *TRIP HELP.UBER.COM,29.16,Services
02/15/2025,02/17/2025,UBER *TRIP HELP.UBER.COM,25.55,Services
02/19/2026,02/20/2026,COSTCO WHSE #1147,78.91,Supermarkets
02/20/2024,02/21/2024,STARBUCKS 800-782-7282 WA,9.63,Restaurants
02/23/2024,02/24/2024,TARGET.COM*8871029,83.23,Merchandise
02/23/2025,02/24/2025,TARGET 00021842 AUSTIN TX,15.61,Merchandise
02/23/2025,02/25/2025,AMAZON.COM*2A8C848I,20.29,Merchandise
02/24/2025,02/25/2025,SFW_#22,26.75,Supermarkets
02/24/2026,02/25/2026,CHIPOTLE 2647,11.84,Restaurants
02/25/2024,02/26/2024,TARGET 00021842 AUSTIN TX,28.7,Merchandise
02/25/2026,02/26/2026,H-E-B #442 AUSTIN TX,130.88,Supermarkets
02/26/2024,02/27/2024,AMZN Mktp US*2KAOFN8S,148.71,Merchandise
02/27/2026,03/01/2026,AMZN Mktp US*2KV9BWY3,62.36,Merchandise
02/28/2024,02/29/2024,DOORDASH*PANDA EXPRESS,22.06,Restaurants
02/28/2026,03/02/2026,SQ *STARBUCKS,9.13,Restaurants
03/01/2023,03/03/2023,SQ *STARBUCKS,4.35,Restaurants
03/01/2025,03/02/2025,SAFEWAY #2214,69.83,Supermarkets
03/01/2025,03/03/2025,COSTCO GAS #1147,35.89,Gasoline
03/02/2023,03/04/2023,SQ *STARBUCKS,5.59,Restaurants
03/02/2024,03/03/2024,STARBUCKS 800-782-7282 WA,11.1,Restaurants
03/02/2025,03/03/2025,COSTCO WHOLESALE #1147 AUSTIN TX,109.09,Supermarkets
03/02/2025,03/04/2025,COSTCO GAS #1147,50.64,Gasoline
03/03/2023,03/04/2023,STARBUCKS STORE #05028,6.92,Restaurants
03/03/2023,03/05/2023,TARGET.COM*8871029,66.09,Merchandise
03/04/2024,03/05/2024,HEB #0442,71.22,Supermarkets
03/04/2025,03/06/2025,SAFEWAY STORE 2214 AUSTIN TX,75.63,Supermarkets
03/05/2024,03/07/2024,COSTCO WHOLESALE #1147 AUSTIN TX,117.83,Supermarkets
03/05/2024,03/07/2024,SQ *STARBUCKS,5.37,Restaurants
03/05/2026,03/07/2026,STARBUCKS STORE #05028,4.34,Restaurants
03/05/2026,03/07/2026,CHIPOTLE ONLINE,17.37,Restaurants
03/06/2024,03/06/2024,INTERNET PAYMENT - THANK YOU,-1250.11,Payments and Credits
03/06/2025,03/07/2025,SQ *STARBUCKS,8.78,Restaurants
03/06/2025,03/06/2025,INTERNET PAYMENT - THANK YOU,-2840.41,Payments and Credits
03/06/2026,03/07/2026,STARBUCKS STORE #05028,4.98,Restaurants
03/06/2026,03/06/2026,INTERNET PAYMENT - THANK YOU,-157.82,Payments and Credits
03/07/2023,03/08/2023,HEB #0442,138.58,Supermarkets
03/07/2026,03/08/2026,UBER *EATS HELP.UBER.COM,19.33,Restaurants
03/08/2023,03/10/2023,BEST BUY 00003291,96.05,Merchandise
03/08/2023,03/10/2023,TARGET 00021842 AUSTIN TX,45.32,Merchandise
03/08/2026,03/09/2026,ALBERTSONS-SAFEWAY #2214,37.21,Supermarkets
03/09/2025,03/10/2025,COSTCO GAS #1147,59.47,Gasoline
03/09/2026,03/10/2026,DD *WINGSTOP,43.73,Restaurants
03/10/2025,03/11/2025,AMAZON.COM*2AOLP9NN,72.96,Merchandise
03/11/2025,03/13/2025,UBER *EATS HELP.UBER.COM,46.33,Restaurants
03/11/2026,03/12/2026,COSTCO WHSE #1147,97.7,Supermarkets
03/12/2025,03/13/2025,BEST BUY 00003291,127.05,Merchandise
03/12/2026,03/13/2026,DOORDASH*CHIPOTLE,40.7,Restaurants
03/13/2024,03/14/2024,DD *WINGSTOP,46.16,Restaurants
03/13/2025,03/15/2025,SAFEWAY STORE 2214 AUSTIN TX,135.64,Supermarkets
03/13/2026,03/14/2026,COSTCO WHSE #1147,229.55,Supermarkets
03/13/2026,03/15/2026,CHIPOTLE ONLINE,9.88,Restaurants
03/14/2023,03/16/2023,H-E-B #442 AUSTIN TX,101.8,Supermarkets
03/14/2026,03/16/2026,STARBUCKS 800-782-7282 WA,10.68,Restaurants
03/15/2024,03/16/2024,SHELL SERVICE STATION AUSTIN TX,33.66,Gasoline
03/15/2025,03/16/2025,SQ *STARBUCKS,9.97,Restaurants
03/17/2023,03/18/2023,COSTCO GAS #1147,43.2,Gasoline
03/18/2026,03/20/2026,DOORDASH*PANDA EXPRESS,18.26,Restaurants
03/18/2026,03/19/2026,ALBERTSONS-SAFEWAY #2214,113.44,Supermarkets
03/20/2023,03/21/2023,STARBUCKS STORE #05028,8.52,Restaurants
03/20/2026,03/21/2026,BESTBUY.COM,86.95,Merchandise
03/20/2026,03/21/2026,AMZN Mktp US*2K42DZMF,159.66,Merchandise
03/21/2023,03/22/2023,SFW_#22,62.97,Supermarkets
03/21/2024,03/23/2024,COSTCO WHSE #1147,82.69,Supermarkets
03/22/2025,03/23/2025,STARBUCKS 800-782-7282 WA,7.36,Restaurants
03/22/2026,03/24/2026,STARBUCKS 800-782-7282 WA,11.98,Restaurants
03/23/2023,03/24/2023,STARBUCKS 800-782-7282 WA,10.34,Restaurants
03/23/2023,03/25/2023,COSTCO WHSE #1147,150.95,Supermarkets
03/23/2026,03/25/2026,DOORDASH*CHIPOTLE,42.82,Restaurants
03/24/2023,03/25/2023,AMZN Mktp US*2KPYFHVJ,139.88,Merchandise
03/24/2024,03/26/2024,STARBUCKS 800-782-7282 WA,11.85,Restaurants
03/25/2023,03/26/2023,SAFEWAY #2214,111.82,Supermarkets
03/26/2025,03/28/2025,UBER *TRIP HELP.UBER.COM,35.89,Services
03/26/2026,03/28/2026,STARBUCKS 800-782-7282 WA,9.12,Restaurants
03/28/2026,03/29/2026,AMAZON.COM*2ANX7S0V,111.21,Merchandise
03/29/2025,03/31/2025,STARBUCKS 800-782-7282 WA,5.21,Restaurants
03/29/2025,03/31/2025,STARBUCKS 800-782-7282 WA,10.72,Restaurants
03/29/2025,03/31/2025,UBER *TRIP HELP.UBER.COM,21.2,Services
03/29/2026,03/31/2026,UBER TRIP 8005928996,33.28,Services
03/29/2026,03/30/2026,CHIPOTLE 2647,10.18,Restaurants
03/30/2025,03/31/2025,UBER TRIP 8005928996,30.97,Services
03/31/2024,04/01/2024,COSTCO GAS #1147,57.16,Gasoline
03/31/2026,04/01/2026,CHEVRON/QPS 0039812,33.68,Gasoline
04/01/2023,04/02/2023,HEB #0442,56.27,Supermarkets
04/01/2024,04/02/2024,COSTCO GAS #1147,44.83,Gasoline
04/01/2025,04/02/2025,SQ *STARBUCKS,8.78,Restaurants
04/01/2026,04/02/2026,CHEVRON 00398,43.97,Gasoline
04/04/2023,04/05/2023,COSTCO WHSE #1147,133.15,Supermarkets
04/04/2023,04/05/2023,COSTCO WHSE #1147,65.71,Supermarkets
04/04/2026,04/05/2026,COSTCO WHOLESALE #1147 AUSTIN TX,159.88,Supermarkets
04/05/2023,04/07/2023,AMZN Mktp US*2KR8UP25,103.74,Merchandise
04/05/2026,04/06/2026,STARBUCKS 800-782-7282 WA,11.59,Restaurants
04/06/2023,04/08/2023,SQ *STARBUCKS,11.28,Restaurants
04/06/2024,04/07/2024,DD *WINGSTOP,37.69,Restaurants
04/06/2024,04/06/2024,INTERNET PAYMENT - THANK YOU,-623.1,Payments and Credits
04/06/2024,04/07/2024,SQ *STARBUCKS,10.28,Restaurants
04/06/2025,04/06/2025,INTERNET PAYMENT - THANK YOU,-595.39,Payments and Credits
04/06/2026,04/06/2026,INTERNET PAYMENT - THANK YOU,-959.49,Payments and Credits
04/07/2023,04/08/2023,AMAZON.COM*2AKOTNL2,141.53,Merchandise
04/07/2023,04/08/2023,SAFEWAY STORE 2214 AUSTIN TX,76.15,Supermarkets
04/10/2024,04/11/2024,DOORDASH*PANDA EXPRESS,18.89,Restaurants
04/10/2026,04/11/2026,STARBUCKS STORE #05028,7.48,Restaurants
04/11/2025,04/13/2025,HEB #0442,81.49,Supermarkets
04/11/2026,04/11/2026,PURCHASE FINANCE CHARGE,26.01,Fees
04/12/2023,04/13/2023,CHEVRON 00398,38.18,Gasoline
04/12/2024,04/13/2024,STARBUCKS 800-782-7282 WA,7.32,Restaurants
04/12/2024,04/14/2024,AMZN Mktp US*2KFP8DBP,38.77,Merchandise
04/12/2026,04/13/2026,BESTBUY.COM,340.55,Merchandise
04/13/2026,04/14/2026,UBER  EATS 8005928996,43.73,Restaurants
04/15/2025,04/16/2025,CHEVRON/QPS 0039812,41.15,Gasoline
04/15/2026,04/17/2026,TARGET.COM*8871029,114.5,Merchandise
04/16/2023,04/17/2023,TARGET.COM*8871029,33.53,Merchandise
04/16/2025,04/17/2025,UBER TRIP 8005928996,24.85,Services
04/16/2026,04/18/2026,UBER *TRIP HELP.UBER.COM,29.84,Services
04/17/2023,04/18/2023,HEB #0442,128.4,Supermarkets
04/17/2025,04/18/2025,STARBUCKS 800-782-7282 WA,8.76,Restaurants
04/17/2025,04/19/2025,CHEVRON 00398,33.5,Gasoline
04/18/2024,04/20/2024,AMZN Mktp US*2K442PKX,89.28,Merchandise
04/19/2023,04/20/2023,TARGET 00021842 AUSTIN TX,23.32,Merchandise
04/19/2023,04/21/2023,SFW_#22,91.08,Supermarkets
04/19/2025,04/20/2025,COSTCO WHOLESALE #1147 AUSTIN TX,123.61,Supermarkets
04/20/2025,04/21/2025,AMZN Mktp US*2KOSWYLW,93.72,Merchandise
04/20/2025,04/21/2025,STARBUCKS STORE #05028,11.87,Restaurants
04/21/2024,04/22/2024,SFW_#22,131.11,Supermarkets
04/21/2026,04/23/2026,SQ *STARBUCKS,9.72,Restaurants
04/22/2026,04/24/2026,CHIPOTLE 2647,12.5,Restaurants
04/22/2026,04/23/2026,COSTCO WHOLESALE #1147 AUSTIN TX,195.84,Supermarkets
04/23/2024,04/24/2024,COSTCO WHSE #1147,137.38,Supermarkets
04/23/2026,04/24/2026,ALBERTSONS-SAFEWAY #2214,138.78,Supermarkets
04/24/2024,04/25/2024,UBER *TRIP HELP.UBER.COM,38.64,Services
04/25/2024,04/27/2024,H-E-B #442 AUSTIN TX,71.14,Supermarkets
04/25/2026,04/26/2026,ALBERTSONS-SAFEWAY #2214,71.17,Supermarkets
04/26/2024,04/28/2024,UBER *TRIP HELP.UBER.COM,22.51,Services
04/26/2025,04/27/2025,SQ *STARBUCKS,6.41,Restaurants
04/26/2026,04/28/2026,AMAZON.COM*2AQMHM4W,54.57,Merchandise
04/27/2025,04/28/2025,SQ *STARBUCKS,11.33,Restaurants
04/27/2025,04/28/2025,CHIPOTLE ONLINE,14.72,Restaurants
04/27/2026,04/28/2026,UBER *TRIP HELP.UBER.COM,41.74,Services
04/28/2023,04/30/2023,SQ *STARBUCKS,6.92,Restaurants
04/28/2024,04/29/2024,AMAZON.COM*2AUQTSPT,106.61,Merchandise
04/28/2025,04/29/2025,DD *WINGSTOP,36.55,Restaurants
04/28/2026,04/29/2026,TARGET 00021842 AUSTIN TX,88.32,Merchandise
04/29/2023,04/30/2023,COSTCO WHSE #1147,223.2,Supermarkets
04/29/2023,04/30/2023,SAFEWAY #2214,141.46,Supermarkets
04/29/2024,05/01/2024,SAFEWAY #2214,141.74,Supermarkets
04/30/2023,05/02/2023,SHELL OIL 57443982,26.82,Gasoline
04/30/2024,05/01/2024,DOORDASH*PANDA EXPRESS,38.32,Restaurants
04/30/2025,05/01/2025,CHEVRON/QPS 0039812,28.11,Gasoline
04/30/2026,05/02/2026,COSTCO GAS #1147,42.22,Gasoline
05/01/2023,05/02/2023,DD *WINGSTOP,36.34,Restaurants
05/01/2024,05/02/2024,SHELL OIL 57443982,49.13,Gasoline
05/01/2025,05/02/2025,TARGET.COM*8871029,69.54,Merchandise
05/01/2026,05/03/2026,SHELL OIL 57443982,29.86,Gasoline
05/02/2024,05/03/2024,CHIPOTLE ONLINE,15.59,Restaurants
05/02/2024,05/03/2024,UBER  EATS 8005928996,34.34,Restaurants
05/02/2025,05/04/2025,STARBUCKS 800-782-7282 WA,5.65,Restaurants
05/03/2026,05/04/2026,H-E-B #442 AUSTIN TX,72.61,Supermarkets
05/03/2026,05/04/2026,ALBERTSONS-SAFEWAY #2214,65.71,Supermarkets
05/04/2025,05/05/2025,SFW_#22,48.31,Supermarkets
05/04/2026,05/06/2026,UBER  EATS 8005928996,48.48,Restaurants
05/05/2023,05/06/2023,DD *WINGSTOP,34.63,Restaurants
05/05/2023,05/06/2023,CHIPOTLE ONLINE,14.88,Restaurants
05/05/2023,05/06/2023,SQ *STARBUCKS,6.72,Restaurants
05/05/2024,05/06/2024,SQ *STARBUCKS,12.11,Restaurants
05/05/2026,05/06/2026,SHELL SERVICE STATION AUSTIN TX,31.36,Gasoline
05/06/2023,05/06/2023,INTERNET PAYMENT - THANK YOU,-1580.21,Payments and Credits
05/06/2024,05/07/2024,SFW_#22,101.38,Supermarkets
05/06/2024,05/06/2024,INTERNET PAYMENT - THANK YOU,-529.84,Payments and Credits
05/06/2025,05/06/2025,INTERNET PAYMENT - THANK YOU,-921.41,Payments and Credits
05/06/2026,05/08/2026,COSTCO WHOLESALE #1147 AUSTIN TX,211.83,Supermarkets
05/06/2026,05/06/2026,INTERNET PAYMENT - THANK YOU,-205.28,Payments and Credits
05/07/2024,05/08/2024,DOORDASH*CHIPOTLE,26.78,Restaurants
05/07/2026,05/08/2026,COSTCO WHOLESALE #1147 AUSTIN TX,115.91,Supermarkets
05/08/2024,05/09/2024,SQ *STARBUCKS,8.63,Restaurants
05/09/2023,05/10/2023,TARGET.COM*8871029,55.29,Merchandise
05/09/2025,05/11/2025,COSTCO GAS #1147,34.57,Gasoline
05/10/2024,05/11/2024,AMZN Mktp US*2K4I0YFU,95.56,Merchandise
05/11/2024,05/11/2024,PURCHASE FINANCE CHARGE,18.61,Fees
05/11/2024,05/12/2024,UBER  EATS 8005928996,26.96,Restaurants
05/14/2023,05/15/2023,DD *WINGSTOP,17.47,Restaurants
05/14/2025,05/15/2025,BESTBUY.COM,103.42,Merchandise
05/14/2026,05/15/2026,AMAZON.COM*2A8S9G3F,91.24,Merchandise
05/15/2026,05/16/2026,ALBERTSONS-SAFEWAY #2214,126.39,Supermarkets
05/16/2023,05/17/2023,UBER *TRIP HELP.UBER.COM,30.68,Services
05/16/2023,05/18/2023,COSTCO WHOLESALE #1147 AUSTIN TX,139.76,Supermarkets
05/16/2024,05/18/2024,COSTCO WHSE #1147,158.19,Supermarkets
05/16/2025,05/18/2025,DOORDASH*PANDA EXPRESS,47.24,Restaurants
05/17/2024,05/19/2024,UBER TRIP 8005928996,16.14,Services
05/17/2026,05/19/2026,STARBUCKS STORE #05028,12.05,Restaurants
05/18/2025,05/19/2025,DOORDASH*CHIPOTLE,27.59,Restaurants
05/18/2026,05/19/2026,SHELL SERVICE STATION AUSTIN TX,44.09,Gasoline
05/19/2024,05/21/2024,AMZN Mktp US*2KG6TE5J,23.81,Merchandise
05/20/2025,05/21/2025,DD *WINGSTOP,45.96,Restaurants
05/21/2024,05/22/2024,DOORDASH*PANDA EXPRESS,40.13,Restaurants
05/21/2026,05/22/2026,TARGET.COM*8871029,92.08,Merchandise
05/22/2023,05/23/2023,SAFEWAY STORE 2214 AUSTIN TX,47.12,Supermarkets
05/23/2023,05/24/2023,AMAZON.COM*2ANOUU58,84.93,Merchandise
05/23/2026,05/24/2026,STARBUCKS 800-782-7282 WA,5.08,Restaurants
05/24/2026,05/26/2026,UBER  EATS 8005928996,37.99,Restaurants
05/24/2026,05/25/2026,CHIPOTLE ONLINE,10.85,Restaurants
05/26/2023,05/27/2023,HEB #0442,123.59,Supermarkets
05/26/2026,05/28/2026,UBER *EATS HELP.UBER.COM,32.51,Restaurants
05/27/2025,05/29/2025,HEB #0442,36.61,Supermarkets
05/27/2025,05/28/2025,SHELL OIL 57443982,48.48,Gasoline
05/28/2023,05/29/2023,TARGET 00021842 AUSTIN TX,52.45,Merchandise
05/28/2023,05/29/2023,STARBUCKS 800-782-7282 WA,10.98,Restaurants
05/28/2023,05/30/2023,COSTCO GAS #1147,50.75,Gasoline
05/28/2025,05/30/2025,HEB #0442,109.51,Supermarkets
05/28/2025,05/29/2025,SFW_#22,31.06,Supermarkets
05/28/2026,05/30/2026,DD *WINGSTOP,31.99,Restaurants
05/30/2023,05/31/2023,TARGET.COM*8871029,68.33,Merchandise
05/30/2023,05/31/2023,DD *WINGSTOP,51.22,Restaurants
05/30/2025,05/31/2025,STARBUCKS 800-782-7282 WA,8.55,Restaurants
05/31/2023,06/01/2023,UBER *EATS HELP.UBER.COM,37.61,Restaurants
05/31/2023,06/02/2023,UBER  EATS 8005928996,38.84,Restaurants
06/01/2024,06/02/2024,DOORDASH*PANDA EXPRESS,33.61,Restaurants
06/01/2025,06/03/2025,SQ *STARBUCKS,9.71,Restaurants
06/03/2023,06/04/2023,DOORDASH*PANDA EXPRESS,47.97,Restaurants
06/03/2024,06/04/2024,COSTCO WHOLESALE #1147 AUSTIN TX,102.38,Supermarkets
06/03/2024,06/04/2024,STARBUCKS 800-782-7282 WA,10.0,Restaurants
06/03/2025,06/04/2025,COSTCO WHOLESALE #1147 AUSTIN TX,130.27,Supermarkets
06/04/2023,06/05/2023,COSTCO WHOLESALE #1147 AUSTIN TX,169.13,Supermarkets
06/05/2024,06/06/2024,CHEVRON/QPS 0039812,53.25,Gasoline
06/05/2025,06/07/2025,UBER  EATS 8005928996,39.02,Restaurants
06/06/2023,06/06/2023,INTERNET PAYMENT - THANK YOU,-1448.6,Payments and Credits
06/06/2024,06/06/2024,INTERNET PAYMENT - THANK YOU,-355.56,Payments and Credits
06/06/2025,06/06/2025,INTERNET PAYMENT - THANK YOU,-682.92,Payments and Credits
06/06/2026,06/06/2026,INTERNET PAYMENT - THANK YOU,-3164.38,Payments and Credits
06/07/2024,06/08/2024,COSTCO GAS #1147,54.01,Gasoline
06/07/2026,06/08/2026,SQ *STARBUCKS,7.24,Restaurants
06/07/2026,06/08/2026,UBER  EATS 8005928996,47.76,Restaurants
06/08/2023,06/10/2023,AMAZON.COM*2A3H6OCU,25.63,Merchandise
06/08/2025,06/09/2025,UBER *TRIP HELP.UBER.COM,33.56,Services
06/08/2025,06/09/2025,COSTCO WHOLESALE #1147 AUSTIN TX,169.71,Supermarkets
06/08/2026,06/09/2026,AMZN Mktp US*2K6RN9C4,115.63,Merchandise
06/08/2026,06/10/2026,UBER TRIP 8005928996,22.67,Services
06/09/2023,06/10/2023,UBER *TRIP HELP.UBER.COM,27.52,Services
06/09/2023,06/10/2023,AMZN Mktp US*2KYAAZT7,71.02,Merchandise
06/09/2024,06/10/2024,COSTCO WHSE #1147,207.47,Supermarkets
06/09/2026,06/10/2026,DD *WINGSTOP,33.37,Restaurants
06/09/2026,06/10/2026,H-E-B #442 AUSTIN TX,118.4,Supermarkets
06/09/2026,06/11/2026,STARBUCKS 800-782-7282 WA,8.04,Restaurants
06/10/2025,06/11/2025,SAFEWAY #2214,18.75,Supermarkets
06/11/2025,06/12/2025,SHELL OIL 57443982,37.74,Gasoline
06/11/2026,06/11/2026,PURCHASE FINANCE CHARGE,23.59,Fees
06/12/2025,06/13/2025,UBER *TRIP HELP.UBER.COM,28.8,Services
06/13/2026,06/14/2026,TARGET 00021842 AUSTIN TX,115.02,Merchandise
06/14/2025,06/15/2025,CHIPOTLE ONLINE,17.52,Restaurants
06/14/2026,06/15/2026,AMAZON.COM*2AFVUBO0,109.07,Merchandise
06/15/2023,06/16/2023,DOORDASH*PANDA EXPRESS,17.06,Restaurants
06/15/2024,06/17/2024,SAFEWAY STORE 2214 AUSTIN TX,82.42,Supermarkets
06/16/2023,06/17/2023,SAFEWAY #2214,81.23,Supermarkets
06/17/2023,06/18/2023,CHIPOTLE ONLINE,18.21,Restaurants
06/17/2024,06/18/2024,STARBUCKS STORE #05028,9.42,Restaurants
06/18/2026,06/19/2026,UBER TRIP 8005928996,28.96,Services
06/18/2026,06/20/2026,SHELL OIL 57443982,35.32,Gasoline
06/19/2024,06/21/2024,AMZN Mktp US*2KQYT8GR,23.53,Merchandise
06/19/2025,06/20/2025,BESTBUY.COM,41.84,Merchandise
06/21/2023,06/22/2023,CHEVRON/QPS 0039812,56.33,Gasoline
06/21/2023,06/23/2023,AMZN Mktp US*2KUOEF1D,24.62,Merchandise
06/22/2026,06/23/2026,UBER *TRIP HELP.UBER.COM,21.72,Services
06/24/2023,06/25/2023,DD *WINGSTOP,45.63,Restaurants
06/25/2023,06/26/2023,CHIPOTLE ONLINE,17.57,Restaurants
06/25/2023,06/26/2023,DOORDASH*CHIPOTLE,39.4,Restaurants
06/25/2025,06/26/2025,AMZN Mktp US*2KAJVLT7,48.88,Merchandise
06/25/2026,06/26/2026,TARGET.COM*8871029,66.26,Merchandise
06/25/2026,06/26/2026,ALBERTSONS-SAFEWAY #2214,100.4,Supermarkets
06/26/2026,06/27/2026,STARBUCKS 800-782-7282 WA,7.22,Restaurants
06/27/2023,06/29/2023,CHIPOTLE ONLINE,10.94,Restaurants
06/27/2024,06/28/2024,DD *WINGSTOP,43.94,Restaurants
06/28/2023,06/29/2023,DOORDASH*CHIPOTLE,28.74,Restaurants
06/28/2024,06/29/2024,COSTCO WHSE #1147,131.72,Supermarkets
06/28/2025,06/29/2025,CHIPOTLE ONLINE,17.84,Restaurants
06/28/2026,06/29/2026,SQ *STARBUCKS,6.92,Restaurants
06/28/2026,06/29/2026,UBER TRIP 8005928996,35.91,Services
06/29/2024,06/30/2024,STARBUCKS STORE #05028,7.32,Restaurants
06/29/2024,06/30/2024,UBER *TRIP HELP.UBER.COM,31.57,Services
06/29/2026,07/01/2026,COSTCO WHOLESALE #1147 AUSTIN TX,212.46,Supermarkets
06/29/2026,06/30/2026,H-E-B #442 AUSTIN TX,89.66,Supermarkets
06/29/2026,06/30/2026,SHELL OIL 57443982,31.19,Gasoline
06/30/2024,07/01/2024,DOORDASH*CHIPOTLE,49.03,Restaurants
06/30/2024,07/01/2024,UBER TRIP 8005928996,12.88,Services
06/30/2024,07/01/2024,AMZN Mktp US*2KQEE6D9,40.45,Merchandise
06/30/2026,07/01/2026,COSTCO WHSE #1147,177.43,Supermarkets
07/01/2026,07/03/2026,AMZN Mktp US*2KV81MYJ,148.03,Merchandise
07/02/2023,07/03/2023,DOORDASH*CHIPOTLE,17.18,Restaurants
07/02/2025,07/03/2025,COSTCO WHSE #1147,151.65,Supermarkets
07/02/2026,07/04/2026,AMAZON.COM*2AHLPDJO,69.14,Merchandise
07/03/2025,07/04/2025,AMAZON.COM*2A4HP2WN,15.85,Merchandise
07/04/2023,07/06/2023,UBER *TRIP HELP.UBER.COM,37.08,Services
07/04/2023,07/06/2023,TARGET 00021842 AUSTIN TX,50.98,Merchandise
07/04/2024,07/05/2024,STARBUCKS 800-782-7282 WA,11.19,Restaurants
07/05/2025,07/06/2025,CHIPOTLE ONLINE,13.26,Restaurants
07/05/2026,07/06/2026,SQ *STARBUCKS,4.61,Restaurants
07/05/2026,07/07/2026,AMAZON.COM*2AJH6Q4W,130.47,Merchandise
07/06/2023,07/07/2023,HEB #0442,104.24,Supermarkets
07/06/2023,07/06/2023,INTERNET PAYMENT - THANK YOU,-1242.86,Payments and Credits
07/06/2024,07/06/2024,INTERNET PAYMENT - THANK YOU,-1914.99,Payments and Credits
07/06/2024,07/07/2024,H-E-B #442 AUSTIN TX,131.46,Supermarkets
07/06/2025,07/06/2025,INTERNET PAYMENT - THANK YOU,-998.76,Payments and Credits
07/06/2026,07/06/2026,INTERNET PAYMENT - THANK YOU,-364.79,Payments and Credits
07/06/2026,07/08/2026,SQ *STARBUCKS,10.5,Restaurants
07/07/2025,07/09/2025,TARGET 00021842 AUSTIN TX,89.53,Merchandise
07/08/2023,07/10/2023,DOORDASH*CHIPOTLE,17.97,Restaurants
07/09/2023,07/10/2023,AMAZON.COM*2AU8PWIB,154.21,Merchandise
07/10/2023,07/11/2023,SAFEWAY #2214,57.98,Supermarkets
07/10/2026,07/11/2026,CHIPOTLE ONLINE,16.11,Restaurants
07/11/2026,07/12/2026,UBER  EATS 8005928996,41.09,Restaurants
07/12/2024,07/13/2024,TARGET 00021842 AUSTIN TX,39.37,Merchandise
07/13/2024,07/14/2024,AMAZON.COM*2AZBVDT2,26.62,Merchandise
07/13/2024,07/14/2024,STARBUCKS 800-782-7282 WA,6.25,Restaurants
07/13/2025,07/14/2025,UBER TRIP 8005928996,40.94,Services
07/13/2026,07/14/2026,HEB #0442,72.87,Supermarkets
07/14/2025,07/15/2025,DD *WINGSTOP,39.33,Restaurants
07/15/2023,07/16/2023,DD *WINGSTOP,26.93,Restaurants
07/15/2025,07/17/2025,CHIPOTLE ONLINE,13.02,Restaurants
07/17/2025,07/19/2025,TARGET 00021842 AUSTIN TX,22.47,Merchandise
07/17/2025,07/19/2025,SHELL OIL 57443982,36.54,Gasoline
07/17/2025,07/18/2025,AMAZON.COM*2A4EW94U,18.88,Merchandise
07/20/2025,07/21/2025,SFW_#22,66.18,Supermarkets
07/21/2024,07/23/2024,UBER TRIP 8005928996,13.76,Services
07/23/2024,07/25/2024,HEB #0442,22.87,Supermarkets
07/27/2023,07/28/2023,AMAZON.COM*2A8R8IOZ,43.54,Merchandise
07/27/2024,07/28/2024,STARBUCKS 800-782-7282 WA,7.88,Restaurants
07/27/2025,07/28/2025,SHELL SERVICE STATION AUSTIN TX,41.89,Gasoline
07/28/2024,07/29/2024,AMZN Mktp US*2KRCJF75,113.45,Merchandise
07/28/2025,07/29/2025,UBER *TRIP HELP.UBER.COM,10.77,Services
07/30/2024,07/31/2024,UBER *EATS HELP.UBER.COM,35.18,Restaurants
08/01/2024,08/02/2024,SQ *STARBUCKS,8.69,Restaurants
08/02/2023,08/04/2023,SFW_#22,68.62,Supermarkets
08/04/2024,08/05/2024,CHIPOTLE ONLINE,18.99,Restaurants
08/05/2024,08/07/2024,COSTCO WHSE #1147,69.09,Supermarkets
08/06/2023,08/06/2023,INTERNET PAYMENT - THANK YOU,-1062.66,Payments and Credits
08/06/2024,08/06/2024,INTERNET PAYMENT - THANK YOU,-1035.65,Payments and Credits
08/06/2025,08/06/2025,INTERNET PAYMENT - THANK YOU,-863.93,Payments and Credits
08/06/2025,08/07/2025,DOORDASH*PANDA EXPRESS,32.65,Restaurants
08/07/2023,08/08/2023,COSTCO GAS #1147,30.67,Gasoline
08/07/2024,08/09/2024,UBER *TRIP HELP.UBER.COM,24.05,Services
08/08/2024,08/10/2024,BESTBUY.COM,371.13,Merchandise
08/09/2024,08/10/2024,COSTCO WHSE #1147,77.31,Supermarkets
08/09/2025,08/10/2025,TARGET.COM*8871029,57.98,Merchandise
08/09/2025,08/10/2025,UBER  EATS 8005928996,39.23,Restaurants
08/10/2024,08/11/2024,UBER  EATS 8005928996,44.35,Restaurants
08/11/2023,08/11/2023,PURCHASE FINANCE CHARGE,10.11,Fees
08/12/2024,08/14/2024,UBER TRIP 8005928996,20.77,Services
08/12/2024,08/14/2024,COSTCO WHSE #1147,179.33,Supermarkets
08/13/2024,08/15/2024,DOORDASH*PANDA EXPRESS,34.61,Restaurants
08/15/2023,08/16/2023,CHEVRON/QPS 0039812,28.8,Gasoline
08/15/2025,08/17/2025,DD *WINGSTOP,22.34,Restaurants
08/17/2023,08/18/2023,CHIPOTLE 2647,13.08,Restaurants
08/18/2023,08/19/2023,STARBUCKS STORE #05028,4.31,Restaurants
08/20/2023,08/21/2023,COSTCO WHOLESALE #1147 AUSTIN TX,130.34,Supermarkets
08/20/2023,08/22/2023,SQ *STARBUCKS,5.2,Restaurants
08/20/2024,08/21/2024,UBER TRIP 8005928996,18.52,Services
08/21/2024,08/22/2024,COSTCO WHSE #1147,116.36,Supermarkets
08/22/2024,08/24/2024,COSTCO WHSE #1147,162.22,Supermarkets
08/23/2024,08/25/2024,COSTCO GAS #1147,36.34,Gasoline
08/23/2024,08/24/2024,COSTCO GAS #1147,51.82,Gasoline
08/24/2023,08/25/2023,DOORDASH*CHIPOTLE,31.2,Restaurants
08/24/2023,08/25/2023,COSTCO WHOLESALE #1147 AUSTIN TX,120.42,Supermarkets
08/24/2023,08/25/2023,STARBUCKS 800-782-7282 WA,4.79,Restaurants
08/24/2024,08/25/2024,DD *WINGSTOP,49.75,Restaurants
08/24/2024,08/25/2024,COSTCO WHOLESALE #1147 AUSTIN TX,160.21,Supermarkets
08/24/2025,08/25/2025,STARBUCKS STORE #05028,7.88,Restaurants
08/24/2025,08/26/2025,BESTBUY.COM,87.08,Merchandise
08/25/2023,08/27/2023,CHIPOTLE ONLINE,15.04,Restaurants
08/25/2024,08/26/2024,SQ *STARBUCKS,4.3,Restaurants
08/25/2025,08/26/2025,COSTCO WHSE #1147,175.61,Supermarkets
08/26/2024,08/28/2024,DOORDASH*PANDA EXPRESS,33.4,Restaurants
08/26/2025,08/27/2025,COSTCO WHSE #1147,131.28,Supermarkets
08/27/2025,08/29/2025,AMZN Mktp US*2K7KLNQD,141.27,Merchandise
08/28/2025,08/29/2025,COSTCO WHSE #1147,81.78,Supermarkets
08/29/2023,08/31/2023,SFW_#22,42.28,Supermarkets
08/29/2024,08/31/2024,UBER *TRIP HELP.UBER.COM,7.72,Services
08/29/2025,08/31/2025,STARBUCKS STORE #05028,8.91,Restaurants
08/29/2025,08/30/2025,H-E-B #442 AUSTIN TX,134.5,Supermarkets
08/30/2023,08/31/2023,SQ *STARBUCKS,7.09,Restaurants
08/30/2024,08/31/2024,SQ *STARBUCKS,11.48,Restaurants
08/30/2025,08/31/2025,CHIPOTLE 2647,16.61,Restaurants
08/30/2025,08/31/2025,CHIPOTLE 2647,17.74,Restaurants
08/31/2023,09/02/2023,SQ *STARBUCKS,4.54,Restaurants
08/31/2025,09/01/2025,COSTCO WHOLESALE #1147 AUSTIN TX,207.39,Supermarkets
09/01/2025,09/03/2025,ALBERTSONS-SAFEWAY #2214,125.14,Supermarkets
09/02/2024,09/03/2024,SAFEWAY STORE 2214 AUSTIN TX,103.21,Supermarkets
09/02/2024,09/04/2024,COSTCO WHSE #1147,169.09,Supermarkets
09/02/2025,09/04/2025,COSTCO GAS #1147,59.94,Gasoline
09/04/2023,09/05/2023,UBER *TRIP HELP.UBER.COM,18.95,Services
09/05/2025,09/06/2025,AMZN Mktp US*2K5FMSA9,51.85,Merchandise
09/06/2023,09/06/2023,INTERNET PAYMENT - THANK YOU,-159.92,Payments and Credits
09/06/2024,09/06/2024,INTERNET PAYMENT - THANK YOU,-977.29,Payments and Credits
09/06/2025,09/08/2025,ALBERTSONS-SAFEWAY #2214,29.0,Supermarkets
09/06/2025,09/06/2025,INTERNET PAYMENT - THANK YOU,-690.17,Payments and Credits
09/07/2025,09/08/2025,UBER  EATS 8005928996,42.87,Restaurants
09/07/2025,09/08/2025,AMAZON.COM*2AJ4USPB,56.5,Merchandise
09/09/2025,09/10/2025,DOORDASH*PANDA EXPRESS,25.26,Restaurants
09/11/2023,09/11/2023,PURCHASE FINANCE CHARGE,15.89,Fees
09/11/2023,09/12/2023,SAFEWAY #2214,48.71,Supermarkets
09/11/2024,09/13/2024,HEB #0442,71.9,Supermarkets
09/12/2023,09/14/2023,UBER *TRIP HELP.UBER.COM,10.24,Services
09/12/2024,09/13/2024,SAFEWAY #2214,81.5,Supermarkets
09/12/2025,09/13/2025,ALBERTSONS-SAFEWAY #2214,34.73,Supermarkets
09/14/2023,09/16/2023,SQ *STARBUCKS,8.75,Restaurants
09/14/2024,09/15/2024,DD *WINGSTOP,28.85,Restaurants
09/16/2023,09/17/2023,UBER *TRIP HELP.UBER.COM,26.42,Services
09/16/2024,09/18/2024,UBER *EATS HELP.UBER.COM,49.72,Restaurants
09/17/2025,09/18/2025,CHIPOTLE 2647,14.87,Restaurants
09/17/2025,09/18/2025,UBER  EATS 8005928996,47.57,Restaurants
09/19/2025,09/20/2025,UBER TRIP 8005928996,31.85,Services
09/20/2025,09/21/2025,SHELL OIL 57443982,37.7,Gasoline
09/21/2023,09/22/2023,SQ *STARBUCKS,11.15,Restaurants
09/22/2025,09/24/2025,AMAZON.COM*2AH7UBLT,72.79,Merchandise
09/22/2025,09/23/2025,STARBUCKS 800-782-7282 WA,11.04,Restaurants
09/23/2023,09/25/2023,SHELL OIL 57443982,31.1,Gasoline
09/23/2024,09/24/2024,UBER *EATS HELP.UBER.COM,45.41,Restaurants
09/23/2024,09/25/2024,H-E-B #442 AUSTIN TX,143.53,Supermarkets
09/23/2025,09/24/2025,H-E-B #442 AUSTIN TX,56.93,Supermarkets
09/25/2024,09/26/2024,AMAZON.COM*2AWWNK25,155.43,Merchandise
09/25/2024,09/26/2024,AMZN Mktp US*2KK10SWM,94.92,Merchandise
09/25/2024,09/27/2024,AMAZON.COM*2AMZY52S,148.5,Merchandise
09/26/2025,09/28/2025,COSTCO WHOLESALE #1147 AUSTIN TX,113.1,Supermarkets
09/26/2025,09/27/2025,STARBUCKS 800-782-7282 WA,5.98,Restaurants
09/27/2023,09/28/2023,CHEVRON 00398,32.93,Gasoline
09/27/2024,09/28/2024,CHEVRON/QPS 0039812,57.89,Gasoline
09/28/2023,09/29/2023,COSTCO WHOLESALE #1147 AUSTIN TX,127.19,Supermarkets
09/28/2023,09/30/2023,AMZN Mktp US*2KKRH4Y7,164.68,Merchandise
09/28/2024,09/29/2024,SAFEWAY #2214,35.22,Supermarkets
09/29/2023,10/01/2023,UBER TRIP 8005928996,27.56,Services
09/30/2024,10/02/2024,STARBUCKS STORE #05028,11.58,Restaurants
09/30/2025,10/02/2025,TARGET.COM*8871029,57.04,Merchandise
10/01/2024,10/03/2024,SAFEWAY STORE 2214 AUSTIN TX,75.55,Supermarkets
10/01/2024,10/02/2024,SFW_#22,68.3,Supermarkets
10/01/2025,10/02/2025,COSTCO GAS #1147,31.73,Gasoline
10/01/2025,10/02/2025,COSTCO WHOLESALE #1147 AUSTIN TX,98.64,Supermarkets
10/03/2024,10/05/2024,COSTCO WHOLESALE #1147 AUSTIN TX,218.36,Supermarkets
10/04/2023,10/06/2023,UBER TRIP 8005928996,25.71,Services
10/04/2024,10/06/2024,AMZN Mktp US*2KFZJUX8,20.47,Merchandise
10/05/2025,10/06/2025,BESTBUY.COM,365.38,Merchandise
10/06/2023,10/08/2023,SQ *STARBUCKS,9.27,Restaurants
10/06/2023,10/06/2023,INTERNET PAYMENT - THANK YOU,-278.78,Payments and Credits
10/06/2024,10/06/2024,INTERNET PAYMENT - THANK YOU,-1772.74,Payments and Credits
10/06/2024,10/08/2024,TARGET 00021842 AUSTIN TX,75.83,Merchandise
10/06/2025,10/07/2025,STARBUCKS STORE #05028,4.65,Restaurants
10/06/2025,10/06/2025,INTERNET PAYMENT - THANK YOU,-1552.81,Payments and Credits
10/07/2023,10/08/2023,H-E-B #442 AUSTIN TX,36.94,Supermarkets
10/07/2025,10/08/2025,COSTCO GAS #1147,54.43,Gasoline
10/08/2025,10/09/2025,SQ *STARBUCKS,5.74,Restaurants
10/09/2025,10/10/2025,CHIPOTLE 2647,14.48,Restaurants
10/11/2024,10/11/2024,PURCHASE FINANCE CHARGE,30.01,Fees
10/11/2025,10/12/2025,SHELL SERVICE STATION AUSTIN TX,51.66,Gasoline
10/11/2025,10/11/2025,PURCHASE FINANCE CHARGE,21.72,Fees
10/14/2023,10/15/2023,COSTCO WHSE #1147,176.85,Supermarkets
10/14/2023,10/16/2023,STARBUCKS STORE #05028,8.73,Restaurants
10/14/2023,10/15/2023,SHELL SERVICE STATION AUSTIN TX,49.55,Gasoline
10/14/2023,10/15/2023,TARGET.COM*8871029,17.04,Merchandise
10/14/2024,10/15/2024,STARBUCKS STORE #05028,9.08,Restaurants
10/15/2024,10/16/2024,SHELL SERVICE STATION AUSTIN TX,44.58,Gasoline
10/15/2025,10/16/2025,SHELL OIL 57443982,30.66,Gasoline
10/16/2025,10/18/2025,CHIPOTLE 2647,14.66,Restaurants
10/17/2023,10/19/2023,STARBUCKS 800-782-7282 WA,8.93,Restaurants
10/19/2023,10/21/2023,SFW_#22,19.91,Supermarkets
10/19/2024,10/20/2024,SQ *STARBUCKS,7.2,Restaurants
10/19/2024,10/21/2024,UBER  EATS 8005928996,39.96,Restaurants
10/20/2023,10/22/2023,STARBUCKS 800-782-7282 WA,4.96,Restaurants
10/20/2023,10/22/2023,UBER *TRIP HELP.UBER.COM,34.16,Services
10/20/2024,10/22/2024,H-E-B #442 AUSTIN TX,133.21,Supermarkets
10/20/2025,10/21/2025,UBER  EATS 8005928996,17.43,Restaurants
10/21/2024,10/22/2024,SFW_#22,132.19,Supermarkets
10/21/2025,10/22/2025,CHIPOTLE 2647,19.01,Restaurants
10/23/2025,10/24/2025,UBER TRIP 8005928996,14.83,Services
10/28/2023,10/30/2023,CHIPOTLE 2647,12.71,Restaurants
10/28/2024,10/29/2024,DOORDASH*PANDA EXPRESS,16.83,Restaurants
10/28/2024,10/30/2024,SQ *STARBUCKS,11.66,Restaurants
10/29/2025,10/31/2025,TARGET.COM*8871029,86.71,Merchandise
10/29/2025,10/31/2025,UBER TRIP 8005928996,31.72,Services
10/30/2023,10/31/2023,STARBUCKS 800-782-7282 WA,11.6,Restaurants
10/30/2024,11/01/2024,STARBUCKS STORE #05028,9.42,Restaurants
10/31/2025,11/01/2025,UBER *TRIP HELP.UBER.COM,37.39,Services
11/02/2023,11/04/2023,COSTCO WHSE #1147,157.73,Supermarkets
11/02/2024,11/04/2024,H-E-B #442 AUSTIN TX,115.09,Supermarkets
11/03/2023,11/04/2023,AMAZON.COM*2A21GZDK,136.43,Merchandise
11/03/2023,11/05/2023,TARGET.COM*8871029,43.93,Merchandise
11/03/2024,11/04/2024,SQ *STARBUCKS,5.9,Restaurants
11/03/2024,11/04/2024,COSTCO WHSE #1147,72.87,Supermarkets
11/04/2023,11/05/2023,SFW_#22,125.23,Supermarkets
11/04/2023,11/06/2023,UBER TRIP 8005928996,34.12,Services
11/04/2023,11/05/2023,SHELL OIL 57443982,55.98,Gasoline
11/05/2024,11/06/2024,SHELL SERVICE STATION AUSTIN TX,53.65,Gasoline
11/05/2025,11/06/2025,STARBUCKS 800-782-7282 WA,5.35,Restaurants
11/06/2023,11/06/2023,INTERNET PAYMENT - THANK YOU,-1301.63,Payments and Credits
11/06/2023,11/07/2023,UBER *EATS HELP.UBER.COM,15.06,Restaurants
11/06/2024,11/06/2024,INTERNET PAYMENT - THANK YOU,-321.29,Payments and Credits
11/06/2025,11/06/2025,INTERNET PAYMENT - THANK YOU,-483.91,Payments and Credits
11/08/2023,11/10/2023,AMAZON.COM*2A6AZQ9O,150.34,Merchandise
11/08/2025,11/09/2025,UBER  EATS 8005928996,41.29,Restaurants
11/08/2025,11/09/2025,CHIPOTLE 2647,17.86,Restaurants
11/09/2023,11/11/2023,UBER *TRIP HELP.UBER.COM,16.48,Services
11/09/2023,11/11/2023,STARBUCKS STORE #05028,5.75,Restaurants
11/09/2023,11/10/2023,BEST BUY 00003291,309.35,Merchandise
11/09/2024,11/11/2024,UBER *TRIP HELP.UBER.COM,13.88,Services
11/10/2023,11/11/2023,SAFEWAY STORE 2214 AUSTIN TX,38.58,Supermarkets
11/10/2023,11/11/2023,COSTCO WHSE #1147,131.77,Supermarkets
11/10/2024,11/11/2024,TARGET 00021842 AUSTIN TX,22.41,Merchandise
11/10/2024,11/12/2024,COSTCO WHSE #1147,223.92,Supermarkets
11/10/2025,11/11/2025,H-E-B #442 AUSTIN TX,61.79,Supermarkets
11/10/2025,11/11/2025,COSTCO WHOLESALE #1147 AUSTIN TX,181.65,Supermarkets
11/11/2023,11/13/2023,SAFEWAY #2214,114.13,Supermarkets
11/11/2023,11/12/2023,UBER *TRIP HELP.UBER.COM,26.33,Services
11/11/2023,11/13/2023,H-E-B #442 AUSTIN TX,71.4,Supermarkets
11/11/2024,11/12/2024,UBER  EATS 8005928996,39.88,Restaurants
11/11/2025,11/12/2025,BESTBUY.COM,159.89,Merchandise
11/12/2023,11/14/2023,TARGET 00021842 AUSTIN TX,73.84,Merchandise
11/12/2025,11/13/2025,DOORDASH*CHIPOTLE,21.47,Restaurants
11/14/2024,11/15/2024,UBER *TRIP HELP.UBER.COM,13.59,Services
11/15/2024,11/16/2024,BEST BUY 00003291,281.36,Merchandise
11/15/2024,11/16/2024,STARBUCKS 800-782-7282 WA,9.55,Restaurants
11/16/2023,11/17/2023,DOORDASH*CHIPOTLE,36.53,Restaurants
11/17/2023,11/18/2023,AMAZON.COM*2A7YU7E1,111.25,Merchandise
11/17/2024,11/18/2024,DOORDASH*CHIPOTLE,23.64,Restaurants
11/17/2025,11/18/2025,SHELL OIL 57443982,38.53,Gasoline
11/18/2023,11/19/2023,UBER *EATS HELP.UBER.COM,45.5,Restaurants
11/18/2023,11/19/2023,CHEVRON/QPS 0039812,57.17,Gasoline
11/18/2024,11/20/2024,AMZN Mktp US*2KXOYMCO,16.09,Merchandise
11/18/2024,11/20/2024,SFW_#22,128.2,Supermarkets
11/19/2024,11/20/2024,AMAZON.COM*2A19O75A,58.44,Merchandise
11/20/2024,11/22/2024,UBER TRIP 8005928996,8.96,Services
11/21/2023,11/22/2023,SAFEWAY STORE 2214 AUSTIN TX,32.12,Supermarkets
11/21/2024,11/23/2024,STARBUCKS 800-782-7282 WA,10.11,Restaurants
11/22/2024,11/23/2024,AMAZON.COM*2AFAHT4M,65.43,Merchandise
11/22/2025,11/24/2025,SHELL OIL 57443982,36.48,Gasoline
11/24/2023,11/26/2023,UBER  EATS 8005928996,21.57,Restaurants
11/26/2023,11/27/2023,UBER  EATS 8005928996,40.98,Restaurants
11/26/2024,11/27/2024,SQ *STARBUCKS,8.69,Restaurants
11/27/2025,11/28/2025,CHEVRON/QPS 0039812,46.51,Gasoline
11/28/2023,11/29/2023,STARBUCKS STORE #05028,7.69,Restaurants
11/28/2024,11/30/2024,AMZN Mktp US*2KXVL0JZ,128.08,Merchandise
11/29/2023,11/30/2023,DOORDASH*PANDA EXPRESS,30.17,Restaurants
11/29/2025,12/01/2025,TARGET 00021842 AUSTIN TX,35.0,Merchandise
11/29/2025,12/01/2025,STARBUCKS STORE #05028,9.65,Restaurants
11/30/2023,12/01/2023,DOORDASH*PANDA EXPRESS,38.15,Restaurants
11/30/2024,12/02/2024,SAFEWAY STORE 2214 AUSTIN TX,57.28,Supermarkets
12/01/2024,12/02/2024,TARGET.COM*8871029,73.29,Merchandise
12/02/2023,12/03/2023,COSTCO WHSE #1147,111.39,Supermarkets
12/02/2023,12/03/2023,UBER *EATS HELP.UBER.COM,26.57,Restaurants
12/02/2024,12/04/2024,COSTCO WHOLESALE #1147 AUSTIN TX,151.35,Supermarkets
12/02/2024,12/03/2024,SQ *STARBUCKS,5.34,Restaurants
12/03/2023,12/05/2023,DD *WINGSTOP,31.93,Restaurants
12/04/2024,12/05/2024,AMZN Mktp US*2KUD39FW,71.53,Merchandise
12/05/2023,12/06/2023,UBER TRIP 8005928996,31.21,Services
12/05/2024,12/07/2024,STARBUCKS STORE #05028,11.98,Restaurants
12/05/2024,12/07/2024,UBER *EATS HELP.UBER.COM,18.4,Restaurants
12/06/2023,12/06/2023,INTERNET PAYMENT - THANK YOU,-1466.76,Payments and Credits
12/06/2024,12/06/2024,INTERNET PAYMENT - THANK YOU,-2488.01,Payments and Credits
12/06/2025,12/06/2025,INTERNET PAYMENT - THANK YOU,-1930.64,Payments and Credits
12/08/2024,12/09/2024,COSTCO GAS #1147,52.13,Gasoline
12/08/2024,12/09/2024,COSTCO WHSE #1147,107.75,Supermarkets
12/08/2024,12/09/2024,COSTCO GAS #1147,56.13,Gasoline
12/08/2024,12/09/2024,COSTCO WHSE #1147,156.62,Supermarkets
12/08/2024,12/09/2024,COSTCO GAS #1147,45.85,Gasoline
12/09/2024,12/10/2024,DD *WINGSTOP,44.01,Restaurants
12/10/2023,12/11/2023,UBER TRIP 8005928996,24.8,Services
12/10/2024,12/11/2024,AMAZON.COM*2AH66OH2,13.13,Merchandise
12/10/2024,12/11/2024,SAFEWAY #2214,74.08,Supermarkets
12/10/2025,12/12/2025,CHEVRON/QPS 0039812,49.3,Gasoline
12/11/2024,12/13/2024,DOORDASH*PANDA EXPRESS,42.4,Restaurants
12/11/2025,12/12/2025,AMAZON.COM*2ALOBMXH,111.36,Merchandise
12/12/2023,12/14/2023,CHIPOTLE 2647,13.78,Restaurants
12/12/2024,12/13/2024,DD *WINGSTOP,40.27,Restaurants
12/12/2024,12/13/2024,CHIPOTLE 2647,17.57,Restaurants
12/13/2023,12/15/2023,UBER *EATS HELP.UBER.COM,31.62,Restaurants
12/13/2024,12/15/2024,SQ *STARBUCKS,4.74,Restaurants
12/14/2024,12/16/2024,COSTCO WHOLESALE #1147 AUSTIN TX,132.64,Supermarkets
12/14/2024,12/15/2024,COSTCO WHOLESALE #1147 AUSTIN TX,220.92,Supermarkets
12/14/2024,12/16/2024,CHIPOTLE 2647,9.81,Restaurants
12/15/2024,12/16/2024,COSTCO WHSE #1147,108.28,Supermarkets
12/15/2024,12/17/2024,UBER TRIP 8005928996,14.11,Services
12/15/2024,12/16/2024,UBER TRIP 8005928996,15.46,Services
12/16/2024,12/17/2024,SHELL SERVICE STATION AUSTIN TX,32.93,Gasoline
12/16/2024,12/17/2024,SFW_#22,129.69,Supermarkets
12/16/2024,12/17/2024,SFW_#22,99.62,Supermarkets
12/16/2025,12/18/2025,TARGET 00021842 AUSTIN TX,35.25,Merchandise
12/16/2025,12/17/2025,SQ *STARBUCKS,11.59,Restaurants
12/16/2025,12/18/2025,HEB #0442,22.4,Supermarkets
12/16/2025,12/17/2025,COSTCO WHSE #1147,112.98,Supermarkets
12/17/2023,12/18/2023,COSTCO WHSE #1147,72.21,Supermarkets
12/17/2023,12/19/2023,HEB #0442,43.56,Supermarkets
12/18/2025,12/20/2025,UBER *EATS HELP.UBER.COM,21.25,Restaurants
12/18/2025,12/20/2025,COSTCO GAS #1147,55.92,Gasoline
12/19/2023,12/20/2023,UBER *TRIP HELP.UBER.COM,40.93,Services
12/19/2023,12/20/2023,SHELL OIL 57443982,43.41,Gasoline
12/20/2023,12/21/2023,AMZN Mktp US*2K8GMDWE,116.05,Merchandise
12/20/2024,12/21/2024,TARGET.COM*8871029,115.15,Merchandise
12/20/2024,12/21/2024,UBER *TRIP HELP.UBER.COM,23.71,Services
12/20/2025,12/21/2025,DD *WINGSTOP,25.76,Restaurants
12/20/2025,12/21/2025,UBER *TRIP HELP.UBER.COM,27.26,Services
12/21/2024,12/23/2024,UBER *TRIP HELP.UBER.COM,35.8,Services
12/21/2025,12/22/2025,AMAZON.COM*2ABV8M7X,16.81,Merchandise
12/22/2023,12/23/2023,UBER  EATS 8005928996,38.13,Restaurants
12/22/2024,12/23/2024,SHELL SERVICE STATION AUSTIN TX,28.83,Gasoline
12/23/2025,12/25/2025,DD *WINGSTOP,28.61,Restaurants
12/24/2025,12/25/2025,AMAZON.COM*2AI0G2KC,96.23,Merchandise
12/25/2024,12/26/2024,H-E-B #442 AUSTIN TX,85.55,Supermarkets
12/26/2023,12/27/2023,TARGET 00021842 AUSTIN TX,88.8,Merchandise
12/26/2025,12/27/2025,AMZN Mktp US*2K0EFOBB,99.36,Merchandise
12/27/2024,12/29/2024,TARGET 00021842 AUSTIN TX,31.13,Merchandise
12/28/2024,12/30/2024,CHIPOTLE 2647,18.01,Restaurants
12/28/2024,12/29/2024,CHIPOTLE ONLINE,11.62,Restaurants
12/28/2024,12/29/2024,CHIPOTLE 2647,18.33,Restaurants
12/28/2024,12/29/2024,UBER  EATS 8005928996,15.66,Restaurants
12/28/2025,12/29/2025,AMAZON.COM*2AXEUMNX,34.57,Merchandise
12/29/2025,12/31/2025,COSTCO GAS #1147,49.88,Gasoline
12/29/2025,12/30/2025,H-E-B #442 AUSTIN TX,64.77,Supermarkets
12/30/2024,01/01/2025,SQ *STARBUCKS,5.75,Restaurants
12/31/2023,01/02/2024,SFW_#22,34.9,Supermarkets
12/31/2023,01/02/2024,SAFEWAY #2214,83.45,Supermarkets
12/31/2024,01/01/2025,COSTCO WHOLESALE #1147 AUSTIN TX,178.05,Supermarkets
12/31/2024,01/01/2025,COSTCO WHSE #1147,229.15,Supermarkets
